Final_text_length,N_keyboard_events,Ratio_combination,Ratio_delete,N_paste_events,N_copy_events,Length_per_event,average_consecutive_backspaces,cps,average_thinking_time,pause_frequency,is_cheat_segment
67.0,127.0,0.1940298507462686,0.0746268656716417,0.0,0.0,0.4785714285714286,2.5,3.816105769230768,0.6045428571428572,35.0,False
60.0,66.0,0.0333333333333333,0.05,0.0,0.0,0.8823529411764706,1.5,3.9187744923405776,0.6072941176470588,17.0,False
0.0,13.0,0.0,0.0,0.0,0.0,0.0,1.0,4.88171235448742,0.5536666666666666,3.0,False
62.0,91.0,0.0,0.2258064516129032,0.0,0.0,0.6813186813186813,1.75,4.720651553664991,0.4429565217391303,23.0,False
2.0,14.0,0.0,0.5,0.0,0.0,0.1428571428571428,1.0,4.123711340206185,0.7040000000000001,3.0,False
0.0,1.0,0.0,0.0,0.0,0.0,0.0,0.0,0.0,0.0,0.0,False
0.0,57.0,0.0,0.0,0.0,0.0,0.0,2.25,4.346168509340449,0.533357142857143,14.0,False
14.0,33.0,0.0,0.6428571428571429,0.0,0.0,0.4242424242424242,9.0,4.33127707048169,0.575375,8.0,False
276.0,308.0,0.0072463768115942,0.0579710144927536,0.0,0.0,0.8903225806451613,2.6666666666666665,4.839343231989943,0.4715454545454544,77.0,False
62.0,67.0,0.0,0.032258064516129,0.0,0.0,0.9253731343283582,1.0,4.838942654918387,0.527875,16.0,False
0.0,104.0,0.0,0.0,0.0,0.0,0.0,4.0,4.569620809350148,0.5218461538461538,26.0,False
1.0,2.0,0.0,0.0,0.0,0.0,0.5,0.0,1.1179429849077698,0.0,0.0,False
85.0,91.0,0.0235294117647058,0.0352941176470588,0.0,0.0,0.913978494623656,1.5,3.786302737788132,0.6811739130434782,23.0,False
9.0,9.0,0.2222222222222222,0.0,0.0,0.0,0.8181818181818182,0.0,4.784688995215311,0.3126666666666667,3.0,False
11.0,10.0,0.3636363636363636,0.0,0.0,0.0,0.7857142857142857,0.0,1.5671524839366868,1.5106666666666666,3.0,False
18.0,19.0,0.0,0.0,0.0,0.0,0.9473684210526316,0.0,5.876894525208784,0.351,5.0,False
0.0,3.0,0.0,0.0,0.0,0.0,0.0,2.0,4.166666666666667,0.541,1.0,False
0.0,1.0,0.0,0.0,0.0,0.0,0.0,0.0,0.0,0.0,0.0,False
0.0,148.0,0.0,0.0,0.0,0.0,0.0,2.833333333333333,5.286658331844975,0.3948947368421053,38.0,False
31.0,36.0,0.3225806451612903,0.1290322580645161,0.0,0.0,0.6739130434782609,4.0,2.4872184606881302,0.8816363636363636,11.0,False
24.0,69.0,0.1666666666666666,0.9583333333333334,0.0,0.0,0.3287671232876712,11.5,3.635980397323074,0.6745,18.0,False
0.0,0.0,0.0,0.0,0.0,0.0,0.0,0.0,0.0,0.0,0.0,False
9.0,10.0,0.0,0.0,0.0,0.0,0.9,0.0,8.203445447087777,0.257,2.0,False
0.0,1.0,0.0,0.0,0.0,0.0,0.0,1.0,0.0,0.0,0.0,False
0.0,1.0,0.0,0.0,0.0,0.0,0.0,1.0,0.5605381165919283,1.206,1.0,False
46.0,48.0,0.0,0.0,0.0,0.0,0.9583333333333334,0.0,5.231607629427794,0.4307499999999999,12.0,False
68.0,184.0,0.1176470588235294,0.1029411764705882,0.0,0.0,0.3541666666666667,1.75,4.776491355589015,0.4422291666666667,48.0,False
1.0,2.0,0.0,0.0,0.0,0.0,0.5,0.0,1.1389521640091116,0.0,0.0,False
0.0,93.0,0.0,0.0,0.0,0.0,0.0,4.75,3.743961352657007,0.6670416666666666,24.0,False
26.0,26.0,0.0769230769230769,0.0,0.0,0.0,0.9285714285714286,0.0,3.5519125683060104,0.6784285714285715,7.0,False
0.0,21.0,0.0,0.0,0.0,0.0,0.0,3.0,5.083514887436456,0.4394,5.0,False
10.0,11.0,0.0,0.0,0.0,0.0,0.9090909090909092,0.0,10.31894934333959,0.156,3.0,False
31.0,32.0,0.0,0.0,0.0,0.0,0.96875,0.0,3.3719704952581666,0.897125,8.0,False
0.0,50.0,0.0,0.0,0.0,0.0,0.0,1.6666666666666667,4.624063627115508,0.5131666666666668,12.0,False
7.0,8.0,0.0,0.0,0.0,0.0,0.875,0.0,10.810810810810812,0.1659999999999999,2.0,False
40.0,41.0,0.0,0.0,0.0,0.0,0.975609756097561,0.0,4.705612303454608,0.5448888888888889,9.0,False
63.0,106.0,0.1587301587301587,0.365079365079365,0.0,0.0,0.5431034482758621,4.6,4.03164460672448,0.5370689655172414,29.0,False
11.0,28.0,0.0,0.7272727272727273,0.0,0.0,0.3928571428571428,4.0,2.6560424966799467,1.0755714285714284,7.0,False
0.0,1.0,0.0,0.0,0.0,0.0,0.0,1.0,0.0,0.0,0.0,False
0.0,5.0,0.0,0.0,0.0,0.0,0.0,1.0,2.3255813953488373,1.213,1.0,False
0.0,68.0,0.0,0.0,0.0,0.0,0.0,1.3333333333333333,4.591182229424076,0.4583333333333333,18.0,False
0.0,1.0,0.0,0.0,0.0,0.0,0.0,0.0,0.0,0.0,0.0,False
1.0,2.0,0.0,0.0,0.0,0.0,0.5,0.0,15.037593984962406,0.0,0.0,False
0.0,0.0,0.0,0.0,0.0,0.0,0.0,0.0,0.0,0.0,0.0,False
7.0,7.0,0.2857142857142857,0.0,0.0,0.0,0.7777777777777778,0.0,2.218700475435816,1.208,2.0,False
5.0,6.0,0.0,0.0,0.0,0.0,0.8333333333333334,0.0,4.480955937266616,0.772,1.0,False
0.0,15.0,0.0,0.0,0.0,0.0,0.0,15.0,6.177924217462933,0.377,4.0,False
45.0,46.0,0.0888888888888888,0.0222222222222222,0.0,0.0,0.9,1.0,3.361590178310436,0.71875,12.0,False
101.0,128.0,0.0,0.1287128712871287,0.0,0.0,0.7890625,4.333333333333333,5.265322912381734,0.39290625,32.0,False
0.0,175.0,0.0,0.0,0.0,0.0,0.0,2.0,4.155091768169625,0.5817111111111111,45.0,False
3.0,4.0,0.0,0.0,0.0,0.0,0.75,0.0,11.730205278592376,0.13,1.0,False
191.0,215.0,0.0104712041884816,0.06282722513089,0.0,0.0,0.880184331797235,2.0,4.256245793245438,0.5662222222222222,54.0,False
14.0,15.0,0.0,0.0,0.0,0.0,0.9333333333333332,0.0,3.948407475651488,0.6545000000000001,4.0,False
69.0,70.0,0.0579710144927536,0.0144927536231884,0.0,0.0,0.9324324324324323,1.0,3.313295782647798,0.7969444444444445,18.0,False
12.0,13.0,0.0,0.0,0.0,0.0,0.9230769230769232,0.0,6.123410268487988,0.3496666666666666,3.0,False
50.0,182.0,0.12,0.44,0.0,0.0,0.2659574468085106,3.142857142857143,2.6948989412897024,0.8582978723404254,47.0,False
96.0,199.0,0.0625,0.03125,0.0,0.0,0.4682926829268293,1.5,2.4023951517492823,1.0655294117647058,51.0,False
0.0,7.0,0.0,0.0,0.0,0.0,0.0,1.5,1.0954616588419406,2.219,2.0,False
0.0,0.0,0.0,0.0,0.0,0.0,0.0,0.0,0.0,0.0,0.0,False
236.0,247.0,0.1228813559322034,0.0508474576271186,0.0,0.0,0.855072463768116,1.7142857142857142,4.8724675990767965,0.3801884057971015,69.0,False
1.0,2.0,0.0,0.0,0.0,0.0,0.5,0.0,13.157894736842106,0.0,0.0,False
0.0,1.0,0.0,0.0,0.0,0.0,0.0,0.0,0.0,0.0,0.0,False
199.0,209.0,0.0904522613065326,0.0452261306532663,0.0,0.0,0.8766519823788547,1.5,5.503765734449888,0.3473035714285714,56.0,False
77.0,77.0,0.1818181818181818,0.0389610389610389,0.0,0.0,0.8461538461538461,1.5,5.063124671225672,0.3332173913043478,23.0,False
57.0,63.0,0.1052631578947368,0.0701754385964912,0.0,0.0,0.8260869565217391,1.3333333333333333,5.103280680437423,0.4078823529411764,17.0,False
0.0,1.0,0.0,0.0,0.0,0.0,0.0,1.0,0.0,0.0,0.0,False
0.0,0.0,0.0,0.0,0.0,0.0,0.0,0.0,0.0,0.0,0.0,False
0.0,0.0,0.0,0.0,0.0,0.0,0.0,0.0,0.0,0.0,0.0,False
47.0,55.0,0.1276595744680851,0.0,0.0,0.0,0.7704918032786885,0.0,4.937606607415388,0.389,15.0,False
83.0,91.0,0.1686746987951807,0.0843373493975903,0.0,0.0,0.7904761904761904,1.75,4.877003054826089,0.3598461538461537,26.0,False
117.0,126.0,0.1709401709401709,0.0769230769230769,0.0,0.0,0.8013698630136986,2.25,5.1084532738698565,0.3513888888888889,36.0,False
174.0,182.0,0.132183908045977,0.0459770114942528,0.0,0.0,0.848780487804878,1.6,4.958452526903692,0.3855882352941177,51.0,False
19.0,13.0,0.1052631578947368,0.6842105263157895,1.0,0.0,1.2666666666666666,13.0,0.6818420224483374,2.84,4.0,True
0.0,0.0,0.0,0.0,1.0,0.0,0.0,0.0,0.0,0.292,1.0,True
0.0,1.0,0.0,0.0,1.0,0.0,0.0,1.0,0.9074410163339384,0.469,1.0,True
0.0,0.0,0.0,0.0,1.0,0.0,0.0,0.0,0.0,0.342,1.0,True
0.0,1.0,0.0,0.0,0.0,0.0,0.0,1.0,0.0,0.0,0.0,True
0.0,28.0,0.0,0.0,0.0,0.0,0.0,28.0,31.46067415730335,0.035,1.0,True
0.0,0.0,0.0,0.0,0.0,0.0,0.0,0.0,0.0,0.0,0.0,True
0.0,0.0,0.0,0.0,1.0,0.0,0.0,0.0,0.0,0.0,0.0,True
0.0,3.0,0.0,0.0,4.0,0.0,0.0,1.0,0.0789307514207535,12.024,3.0,True
0.0,0.0,0.0,0.0,0.0,0.0,0.0,0.0,0.0,0.813,1.0,True
0.0,0.0,0.0,0.0,0.0,0.0,0.0,0.0,0.0,0.0,0.0,True
1.0,0.0,2.0,0.0,0.0,0.0,0.5,0.0,0.0,0.0,0.0,True
1.0,0.0,2.0,0.0,0.0,0.0,0.5,0.0,0.0,0.0,0.0,True
1.0,2.0,0.0,0.0,0.0,0.0,0.5,0.0,12.422360248447204,0.0,0.0,True
1.0,1.0,1.0,0.0,0.0,0.0,0.5,0.0,6.289308176100628,0.0,0.0,True
1.0,0.0,2.0,0.0,0.0,0.0,0.5,0.0,0.0,0.0,0.0,True
1.0,0.0,2.0,0.0,0.0,0.0,0.5,0.0,0.0,0.0,0.0,True
1.0,1.0,1.0,0.0,0.0,0.0,0.5,0.0,1.231527093596059,0.0,0.0,True
0.0,2.0,0.0,0.0,0.0,0.0,0.0,0.0,333.3333333333333,0.0,0.0,True
1.0,2.0,0.0,0.0,0.0,0.0,0.5,0.0,10.0,0.0,0.0,True
2.0,3.0,0.0,0.0,0.0,0.0,0.6666666666666666,0.0,3.9113428943937416,0.599,1.0,True
1.0,2.0,5.0,0.0,0.0,0.0,0.1428571428571428,0.0,1.7301038062283738,0.3874999999999999,2.0,True
1.0,1.0,1.0,0.0,0.0,0.0,0.5,0.0,41.66666666666666,0.0,0.0,True
1.0,1.0,2.0,0.0,0.0,0.0,0.3333333333333333,0.0,3.690036900369003,0.224,1.0,True
1.0,1.0,1.0,0.0,0.0,0.0,0.5,0.0,11.627906976744187,0.0,0.0,True
1.0,1.0,6.0,0.0,0.0,0.0,0.1428571428571428,0.0,0.5473453749315819,0.5875,2.0,True
1.0,0.0,2.0,0.0,0.0,0.0,0.5,0.0,0.0,0.0,0.0,True
0.0,6.0,0.0,0.0,0.0,0.0,0.0,1.0,0.981836033382425,2.154,2.0,True
8.0,9.0,0.0,0.125,0.0,0.0,0.8888888888888888,1.0,3.392385978137957,1.048,2.0,True
17.0,17.0,0.0588235294117647,0.0,0.0,0.0,0.9444444444444444,0.0,5.305867665418227,0.45875,4.0,True
33.0,29.0,0.3636363636363636,0.0,0.0,0.0,0.8048780487804879,0.0,3.200883002207506,0.5734000000000001,10.0,True
0.0,0.0,0.0,0.0,6.0,1.0,0.0,0.0,0.0,3.329166666666666,6.0,True
55.0,84.0,0.1454545454545454,0.0181818181818181,0.0,0.0,0.5978260869565217,1.0,4.885425148307548,0.4008695652173912,23.0,False
15.0,18.0,0.3333333333333333,0.1333333333333333,0.0,0.0,0.6521739130434783,1.0,2.882767456758488,0.6829999999999999,6.0,False
226.0,232.0,0.0353982300884955,0.0221238938053097,0.0,0.0,0.9416666666666668,2.5,4.399522120873077,0.5299666666666666,60.0,False
74.0,72.0,0.081081081081081,0.0,0.0,0.0,0.9487179487179488,0.0,4.511560874741528,0.4919473684210526,19.0,False
34.0,35.0,0.0,0.0,0.0,0.0,0.9714285714285714,0.0,5.983928876731064,0.3275555555555556,9.0,False
0.0,0.0,0.0,0.0,0.0,0.0,0.0,0.0,0.0,0.0,0.0,False
2.0,1.0,1.0,0.0,0.0,0.0,0.6666666666666666,0.0,0.9970089730807576,0.871,1.0,False
91.0,93.0,0.0219780219780219,0.0109890109890109,0.0,0.0,0.9578947368421052,1.0,5.262264471227297,0.40025,24.0,False
75.0,76.0,0.0,0.0,0.0,0.0,0.986842105263158,0.0,6.238712855032014,0.3307368421052631,19.0,False
57.0,63.0,0.0350877192982456,0.0526315789473684,0.0,0.0,0.8769230769230769,1.5,4.772727272727275,0.45775,16.0,False
30.0,30.0,0.1666666666666666,0.0333333333333333,0.0,0.0,0.8571428571428571,1.0,2.4859131587669867,0.8783333333333334,9.0,False
100.0,106.0,0.03,0.03,0.0,0.0,0.9174311926605504,1.5,3.911583453263959,0.6056296296296295,27.0,False
170.0,177.0,0.0,0.0176470588235294,0.0,0.0,0.96045197740113,3.0,4.661206646828005,0.5407954545454545,44.0,False
1.0,2.0,0.0,0.0,0.0,0.0,0.5,0.0,15.037593984962406,0.0,0.0,False
40.0,45.0,1.05,0.55,0.0,0.0,0.4597701149425287,22.0,2.586206896551724,0.4482272727272727,22.0,False
1.0,2.0,0.0,0.0,0.0,0.0,0.5,0.0,15.267175572519085,0.0,0.0,False
49.0,51.0,0.1020408163265306,0.0408163265306122,0.0,0.0,0.875,2.0,2.4307706972975547,1.066857142857143,14.0,False
0.0,27.0,0.0,0.0,0.0,0.0,0.0,4.0,4.290481487366915,0.5214285714285715,7.0,False
45.0,44.0,0.0666666666666666,0.0,0.0,0.0,0.9574468085106383,0.0,4.213752154759624,0.5738333333333333,12.0,False
0.0,1.0,0.0,0.0,0.0,0.0,0.0,1.0,0.2618486514794448,2.176,1.0,False
16.0,14.0,0.25,0.0,0.0,0.0,0.8888888888888888,0.0,5.307050796057619,0.29025,4.0,False
8.0,21.0,0.0,0.875,0.0,0.0,0.3809523809523809,7.0,5.077369439071566,0.4253999999999999,5.0,False
0.0,0.0,0.0,0.0,0.0,0.0,0.0,0.0,0.0,0.698,1.0,False
0.0,0.0,0.0,0.0,0.0,0.0,0.0,0.0,0.0,0.235,1.0,False
0.0,0.0,0.0,0.0,0.0,0.0,0.0,0.0,0.0,0.317,1.0,False
0.0,1.0,0.0,0.0,0.0,0.0,0.0,1.0,0.7739938080495355,1.141,1.0,False
40.0,11.0,0.9,0.0,0.0,0.0,0.851063829787234,0.0,0.7336757153338225,0.8169166666666667,12.0,False
62.0,71.0,0.0,0.064516129032258,0.0,0.0,0.8732394366197183,1.3333333333333333,4.7998918334234695,0.4713333333333333,18.0,False
1.0,2.0,0.0,0.0,0.0,0.0,0.5,0.0,10.362694300518134,0.0,0.0,False
177.0,188.0,0.0677966101694915,0.0451977401129943,0.0,0.0,0.885,2.6666666666666665,4.015292283377118,0.5511199999999999,50.0,False
48.0,59.0,0.0,0.1041666666666666,0.0,0.0,0.8135593220338984,5.0,5.117973629424012,0.4021333333333333,15.0,False
41.0,43.0,0.048780487804878,0.048780487804878,0.0,0.0,0.9111111111111112,1.0,3.2821921990687737,0.7652727272727272,11.0,False
78.0,94.0,0.0256410256410256,0.1025641025641025,0.0,0.0,0.8125,2.0,5.027006791807049,0.3972083333333334,24.0,False
45.0,62.0,0.0,0.1777777777777777,0.0,0.0,0.7258064516129032,4.0,4.22919508867667,0.5912666666666666,15.0,False
86.0,136.0,0.127906976744186,0.3255813953488372,0.0,0.0,0.5850340136054422,5.6,4.895608351331892,0.3864864864864865,37.0,False
30.0,2.0,1.2333333333333334,0.0,0.0,0.0,0.7692307692307693,0.0,0.2428363283147159,0.4469,10.0,False
304.0,332.0,0.006578947368421,0.0460526315789473,0.0,0.0,0.9101796407185628,2.0,4.852736972886057,0.4535301204819276,83.0,True
2.0,3.0,0.0,0.5,0.0,0.0,0.6666666666666666,1.0,1.717229536348025,1.078,1.0,True
1.0,2.0,0.0,0.0,0.0,0.0,0.5,0.0,9.75609756097561,0.0,0.0,True
23.0,1.0,1.2173913043478262,0.0,0.0,0.0,0.7931034482758621,0.0,0.1180637544273907,0.7445714285714287,7.0,True
0.0,1.0,0.0,0.0,0.0,0.0,0.0,0.0,0.0,0.0,0.0,False
63.0,70.0,0.0476190476190476,0.0634920634920634,0.0,0.0,0.863013698630137,1.3333333333333333,3.6880927291886194,0.6838333333333333,18.0,False
76.0,80.0,0.0789473684210526,0.0394736842105263,0.0,0.0,0.8837209302325582,1.5,5.709799443294552,0.3349,20.0,False
0.0,1.0,0.0,0.0,0.0,0.0,0.0,0.0,0.0,0.0,0.0,False
35.0,35.0,0.1428571428571428,0.0285714285714285,0.0,0.0,0.875,1.0,4.805052169137836,0.3941,10.0,False
80.0,108.0,0.0625,0.1875,0.0,0.0,0.7079646017699115,3.0,5.956320317670418,0.3133214285714286,28.0,False
0.0,1.0,0.0,0.0,0.0,0.0,0.0,1.0,0.7598784194528875,1.091,1.0,True
0.0,0.0,0.0,0.0,1.0,0.0,0.0,0.0,0.0,0.0,0.0,True
1.0,2.0,0.0,0.0,0.0,0.0,0.5,0.0,12.658227848101266,0.0,0.0,True
1.0,2.0,0.0,0.0,0.0,0.0,0.5,0.0,11.76470588235294,0.0,0.0,True
0.0,0.0,0.0,0.0,1.0,0.0,0.0,0.0,0.0,0.0,0.0,True
1.0,2.0,0.0,0.0,0.0,0.0,0.5,0.0,14.285714285714285,0.0,0.0,True
43.0,50.0,0.0465116279069767,0.0697674418604651,0.0,0.0,0.8269230769230769,3.0,5.254308532997056,0.3961538461538462,13.0,True
0.0,0.0,0.0,0.0,1.0,0.0,0.0,0.0,0.0,0.0,0.0,True
0.0,0.0,0.0,0.0,0.0,0.0,0.0,0.0,0.0,0.0,0.0,True
1.0,1.0,2.0,0.0,1.0,0.0,0.3333333333333333,0.0,3.937007874015748,0.167,1.0,True
1.0,2.0,0.0,0.0,0.0,0.0,0.5,0.0,6.944444444444445,0.0,0.0,True
0.0,1.0,0.0,0.0,0.0,0.0,0.0,0.0,0.0,0.0,0.0,True
0.0,0.0,0.0,0.0,1.0,0.0,0.0,0.0,0.0,2.613,1.0,True
1.0,0.0,2.0,0.0,0.0,0.0,0.5,0.0,0.0,0.0,0.0,True
0.0,1.0,0.0,0.0,1.0,0.0,0.0,1.0,0.9216589861751152,0.99,1.0,True
1.0,2.0,0.0,0.0,0.0,0.0,0.5,0.0,14.388489208633093,0.0,0.0,True
1.0,1.0,2.0,0.0,1.0,0.0,0.3333333333333333,0.0,3.53356890459364,0.174,1.0,True
418.0,4.0,0.0191387559808612,0.0,4.0,0.0,34.833333333333336,0.0,1.02880658436214,0.9333333333333332,3.0,True
0.0,22.0,0.0,0.0,1.0,2.0,0.0,2.0,1.874094897350712,1.005875,8.0,True
8.0,0.0,0.5,0.0,2.0,0.0,2.0,0.0,0.0,0.884,1.0,True
1.0,1.0,2.0,0.0,1.0,0.0,0.3333333333333333,0.0,1.5337423312883436,0.539,1.0,True
0.0,0.0,0.0,0.0,0.0,0.0,0.0,0.0,0.0,0.0,0.0,True
2.0,0.0,2.0,0.0,1.0,0.0,0.5,0.0,0.0,0.264,1.0,True
0.0,0.0,0.0,0.0,1.0,1.0,0.0,0.0,0.0,0.947,1.0,True
0.0,1.0,0.0,0.0,0.0,0.0,0.0,0.0,0.0,0.0,0.0,True
1.0,1.0,2.0,0.0,1.0,0.0,0.3333333333333333,0.0,2.949852507374632,0.197,1.0,True
0.0,53.0,0.0,0.0,0.0,0.0,0.0,1.0,5.7056733771127135,0.3685833333333333,12.0,True
32.05011842357681,39.045197740113,1.0396124868377545,0.05316459617070889,1.6430755344675756,0.11317170184774797,2.988234860529612,1.427441485068604,41.006788798927865,3.052002348116824,10.474576271186441,True
30.926553672316384,39.045197740113,0.870830183430948,0.21626571958679705,0.1864406779661017,0.022598870056497175,3.900193973889333,2.7042505404434345,30.565138120354376,1.933974025303263,10.474576271186441,True
30.926553672316384,41.428365837475795,1.600216793795172,0.05316459617070889,0.1864406779661017,0.022598870056497175,3.343467568065938,4.22281518327702,10.822666495646247,0.5322312468951844,10.474576271186441,True
70.27490398849807,39.045197740113,2.2052822303749435,0.07364601681750954,0.7184464788784535,0.6857823697821126,3.98236851981461,5.202545351008805,5.831718829895388,3.1539082812797687,10.474576271186441,True
40.66498726955163,39.045197740113,0.7502496813749506,0.1004051193994465,2.0651328185488156,0.022598870056497175,0.6540936641279081,1.427441485068604,33.312244234606354,1.7203177319906988,10.474576271186441,True
30.926553672316384,49.290533854437946,0.2869061956346632,0.05316459617070889,0.2824119244068478,0.4830297575215149,0.6540936641279081,1.427441485068604,24.419465471458388,0.5322312468951844,10.474576271186441,True
79.79906138415586,39.045197740113,0.7270519727849105,0.10994059266318257,0.1864406779661017,0.050897064235688474,2.778801179103352,1.978392893304323,5.831718829895388,1.020836588915708,10.474576271186441,True
41.62208429692813,39.045197740113,0.2869061956346632,0.05316459617070889,0.7972311049523468,0.2807583311309148,0.6540936641279081,5.4522638454561445,5.831718829895388,2.591532627992672,10.491275949934096,True
30.926553672316384,39.045197740113,0.2869061956346632,0.05316459617070889,0.791216593947129,0.322927776833957,0.6540936641279081,6.121168785832056,5.831718829895388,0.8537347134578068,10.474576271186441,True
138.86651598178867,39.045197740113,1.1738390862542951,0.11261730366519981,1.814483944328588,0.022598870056497175,0.6540936641279081,1.627453705162176,68.33612645250031,0.7510772690243694,10.474576271186441,True
30.926553672316384,43.87678076046452,0.3961321884586251,0.05316459617070889,0.6845921890455262,0.022598870056497175,5.5748454995936685,2.349625327400428,41.11726600809123,1.2345769436190792,13.191221638560645,True
60.8322077825364,39.045197740113,1.5571878407216582,0.05316459617070889,2.3110779009177844,0.022598870056497175,5.718765421149762,4.856236746929007,61.51755360855567,2.378408350834167,16.661307553000263,True
30.926553672316384,47.05426738078887,0.2869061956346632,0.05316459617070889,2.186578053981842,0.08714250550082221,0.6540936641279081,2.7812234580525392,5.831718829895388,0.5322312468951844,10.474576271186441,True
30.926553672316384,39.045197740113,0.2869061956346632,0.05316459617070889,0.1864406779661017,0.022598870056497175,0.6540936641279081,1.427441485068604,5.831718829895388,2.450849311753675,10.474576271186441,True
30.926553672316384,39.045197740113,0.9667543768030251,0.1604819813658113,0.7963386746342196,0.022598870056497175,10.266521371915712,2.968934783839041,5.831718829895388,1.2570124709873682,24.47957968943242,True
30.926553672316384,39.045197740113,0.8524596075333031,0.05316459617070889,0.4540259249831679,0.022598870056497175,1.7546319145608114,7.380708963635375,39.14487046292191,0.5322312468951844,23.552878800669596,True
30.926553672316384,39.045197740113,0.2869061956346632,0.05316459617070889,2.061542386721733,0.022598870056497175,0.6540936641279081,1.427441485068604,5.831718829895388,0.5322312468951844,15.54050444735865,True
100.94333957780023,39.045197740113,0.2869061956346632,0.07201614957926514,0.1864406779661017,0.05445732440981223,8.552418674909413,1.427441485068604,5.831718829895388,0.5322312468951844,19.064771330110442,True
139.4876053708947,39.045197740113,2.250110000480991,0.05316459617070889,0.1864406779661017,0.5283855106808081,0.6540936641279081,4.580453521713428,5.831718829895388,0.5322312468951844,10.474576271186441,True
30.926553672316384,67.04997588311807,2.3041927896861627,0.19713192941143257,0.1864406779661017,0.022598870056497175,13.278922390107702,1.427441485068604,65.69613928963881,0.8846641733702004,10.474576271186441,True
30.926553672316384,39.045197740113,0.8568518254535775,0.05316459617070889,0.1864406779661017,0.022598870056497175,0.6540936641279081,4.624136324646333,35.87839011170484,0.5322312468951844,10.474576271186441,True
60.65639647472962,39.045197740113,0.2869061956346632,0.1699421383953706,2.1831734895010997,0.022598870056497175,5.988040751667818,7.54666401060218,9.537604909445005,0.5322312468951844,10.474576271186441,True
39.199680499157914,39.045197740113,0.2869061956346632,0.061891420301927756,1.5428527796813738,0.022598870056497175,0.6540936641279081,3.1978601818389847,5.831718829895388,0.5322312468951844,11.281160948603564,True
30.926553672316384,39.045197740113,0.5322230821265657,0.05316459617070889,0.9065989092104398,0.31963413429236315,5.275408006878714,1.427441485068604,5.831718829895388,0.5322312468951844,10.474576271186441,True
30.926553672316384,39.045197740113,0.5868105819861628,0.18321858923926,2.756137214382093,0.538156214909933,6.925313017686342,1.427441485068604,9.68615103440142,0.5322312468951844,10.474576271186441,True
30.926553672316384,39.045197740113,1.3094352105778977,0.19811808673154113,1.5266764025628168,0.022598870056497175,1.8504239965990443,1.6814805576487017,23.380102362177162,0.5322312468951844,11.731024666758257,True
30.926553672316384,39.045197740113,0.2869061956346632,0.05316459617070889,0.1864406779661017,0.022598870056497175,0.6540936641279081,1.427441485068604,37.34414437417528,0.5322312468951844,10.474576271186441,True
239.00013167519236,39.045197740113,0.33719720240387313,0.19618040853000998,0.1864406779661017,0.022598870056497175,5.767768966939339,1.427441485068604,47.20403974309669,1.5419466766578303,14.502020898619332,True
61.01310462198559,93.31394434778198,2.17156583439312,0.05316459617070889,0.8663814676956092,0.022598870056497175,0.6540936641279081,1.427441485068604,63.31222880319365,0.5322312468951844,10.474576271186441,True
30.926553672316384,39.045197740113,0.6993397475676505,0.05316459617070889,0.9753428114647797,0.022598870056497175,0.8872983155229971,1.4719972781483301,16.03782585238431,0.5322312468951844,10.474576271186441,True
30.926553672316384,39.045197740113,0.6628409695649449,0.05316459617070889,0.8549705913355554,0.27176861412466224,4.205514289306251,4.77934483930011,26.190121704681957,2.1132838247173362,10.474576271186441,True
51.74056835769983,80.44256808100627,2.166744627255938,0.2143175711980097,2.2519977792318904,0.6519023123430587,2.785101887265604,7.424591218607579,7.889482991499285,0.5977030834660273,10.474576271186441,True
30.926553672316384,78.92090322145651,2.2586593200301954,0.13574785591908364,0.1864406779661017,0.08805768962015294,1.3003939194277931,3.5028005326733282,5.831718829895388,0.5322312468951844,10.474576271186441,True
97.24323416071456,39.045197740113,0.2869061956346632,0.05316459617070889,1.7121802737135732,0.022598870056497175,0.6540936641279081,1.427441485068604,5.831718829895388,0.5322312468951844,10.474576271186441,True
30.926553672316384,39.045197740113,1.5285544409988385,0.05316459617070889,2.8355723270353033,0.022598870056497175,3.2419338568532425,1.9650499158250485,5.831718829895388,0.5322312468951844,10.474576271186441,True
30.926553672316384,61.036442496714606,0.2869061956346632,0.05316459617070889,0.1864406779661017,0.022598870056497175,0.6540936641279081,4.988674674361791,5.831718829895388,0.5322312468951844,10.474576271186441,True
115.69013649450467,71.70087659797923,0.2869061956346632,0.08713553870250439,0.6430477268767649,0.028531536182863266,0.6540936641279081,1.427441485068604,5.831718829895388,0.5322312468951844,10.474576271186441,True
30.926553672316384,40.03232806306854,0.8168425719116574,0.05316459617070889,0.1864406779661017,0.05976042091621999,0.6540936641279081,1.427441485068604,39.34319457641302,1.0223789131289702,10.474576271186441,True
30.926553672316384,39.045197740113,0.2869061956346632,0.05316459617070889,1.1226457077279783,0.022598870056497175,1.3212997125583201,7.824997992999447,5.831718829895388,0.5322312468951844,10.474576271186441,True
30.926553672316384,39.045197740113,1.9818974977206665,0.05316459617070889,0.46481441544106944,0.022598870056497175,0.6540936641279081,1.427441485068604,5.831718829895388,0.5322312468951844,10.474576271186441,True
30.926553672316384,45.10882150533173,0.2869061956346632,0.14360655198595978,0.1864406779661017,0.022598870056497175,2.0570144236999814,2.962944182716403,5.831718829895388,0.5322312468951844,10.474576271186441,True
30.926553672316384,39.045197740113,2.2887596587624626,0.05316459617070889,0.1864406779661017,0.3248446913671647,4.285154826561822,2.512024509229163,45.519115698496705,0.5322312468951844,10.474576271186441,True
32.14790270556171,39.045197740113,1.925647156660799,0.05316459617070889,0.1864406779661017,0.022598870056497175,0.6540936641279081,3.2398233908618534,5.831718829895388,2.388969363410845,10.474576271186441,True
30.926553672316384,55.611214324935986,1.4034509736869267,0.08321929537940344,0.1864406779661017,0.022598870056497175,7.4290828661528545,1.427441485068604,5.831718829895388,5.049476174716256,10.474576271186441,True
30.926553672316384,39.045197740113,0.2869061956346632,0.22837675878921881,0.5413918955862996,0.047201625833295985,0.6540936641279081,10.525716230493126,5.831718829895388,3.2094098977535,10.474576271186441,True
30.926553672316384,39.045197740113,1.4221342108224893,0.05316459617070889,1.6346128214805995,0.022598870056497175,0.6540936641279081,6.968603176262593,5.831718829895388,0.7252167820678398,10.474576271186441,True
49.200162862189494,39.045197740113,0.2869061956346632,0.05316459617070889,0.6400776692727795,0.7507159062690781,6.305893117612206,2.1693036837787054,5.831718829895388,0.5322312468951844,10.474576271186441,True
42.06565082065312,70.93976649594336,0.2869061956346632,0.05316459617070889,0.1864406779661017,0.07984073474095765,0.6540936641279081,1.427441485068604,5.831718829895388,0.5322312468951844,10.474576271186441,True
30.926553672316384,39.045197740113,1.644174176103415,0.18855172662537908,0.1864406779661017,0.5957670332116903,10.318867904939346,1.427441485068604,27.523052989679087,1.500346057711401,10.474576271186441,True
30.926553672316384,56.65056041933984,0.4112916156981974,0.05316459617070889,0.1864406779661017,0.11386176197295848,0.6540936641279081,1.992232700651199,86.69749643937165,0.5322312468951844,20.375162944455525,True
37.55147595127643,39.045197740113,0.2869061956346632,0.16908959954421057,1.3642322070864277,0.022598870056497175,0.6540936641279081,3.112694052154886,81.54714999064942,0.5322312468951844,10.474576271186441,True
80.7007467059381,39.045197740113,0.6999728533166896,0.14823388376441396,2.3809451508165123,0.022598870056497175,5.9111320436698644,1.427441485068604,5.831718829895388,0.5322312468951844,17.075012006238254,True
95.40529200625457,88.2337751646003,1.8984424264508062,0.13879387789127826,1.1782349278055473,0.20542067134275616,6.421174220512089,6.14452359683637,27.667054315725657,3.0020197047540256,10.474576271186441,True
49.26323942499522,63.47853798227925,1.0517604813002537,0.13962250391567657,1.3714926486490968,0.022598870056497175,1.0527484982018205,1.427441485068604,5.831718829895388,1.7098146005524817,13.585036237064365,True
30.926553672316384,39.045197740113,2.6133852526460153,0.05316459617070889,1.585460042681053,0.022598870056497175,0.6540936641279081,1.427441485068604,5.831718829895388,0.5322312468951844,19.06480014204199,True
136.71109581013184,39.045197740113,0.2869061956346632,0.05316459617070889,1.7404281569937061,0.022598870056497175,0.6540936641279081,4.316808923137518,10.604539541034793,2.81520250798381,10.474576271186441,True
86.44705391023311,39.045197740113,0.5570196024079653,0.05316459617070889,0.2977762536739941,0.5907067900343648,0.7930920756897093,1.427441485068604,5.831718829895388,0.5322312468951844,10.474576271186441,True
30.926553672316384,39.045197740113,1.4714622517207263,0.07157424254683915,0.5932544597285028,0.022598870056497175,1.1442792856590456,9.227689655953277,63.64359659841843,1.2556484153757328,12.439722797573305,True
30.926553672316384,39.045197740113,1.2754148785454362,0.05316459617070889,0.1864406779661017,0.12860036245766016,0.6540936641279081,3.162572866394499,5.831718829895388,1.4847790552409852,11.127513968111302,True
30.926553672316384,39.045197740113,0.2869061956346632,0.05316459617070889,0.7367234054556884,0.022598870056497175,0.6540936641279081,3.401609798121099,5.831718829895388,2.80806679096931,15.427696521295953,True
37.70292679394909,39.045197740113,0.5198644330574782,0.12364777959026241,0.1864406779661017,0.022598870056497175,0.6540936641279081,3.919573164101711,27.971065422742797,0.614331855717506,10.75184969154844,True
65.05059781446057,60.6658171704297,0.4117630981209625,0.05316459617070889,0.1864406779661017,0.023148624864892775,0.6540936641279081,1.427441485068604,5.831718829895388,0.8329920591727547,10.474576271186441,True
63.70528131755913,39.045197740113,0.2869061956346632,0.07258713656232241,0.9192268786166606,0.06865070168854664,6.769107292098907,1.427441485068604,20.894961025648193,0.8423163260662754,10.474576271186441,True
30.926553672316384,39.045197740113,0.575574725470924,0.07476414997741485,0.1864406779661017,0.20137145073439894,5.593553680714602,1.482000625046473,48.831107413589315,0.5322312468951844,10.474576271186441,True
30.926553672316384,39.045197740113,0.8275317014613408,0.12885972471508958,2.827285134828136,0.022598870056497175,1.1387369894671757,3.805824992349732,5.831718829895388,2.3636259184621355,15.443782720665547,True
30.926553672316384,39.70098495209122,1.5377762170032419,0.05316459617070889,0.1864406779661017,0.022598870056497175,0.6540936641279081,1.427441485068604,14.418067853429564,2.3392876043494724,10.474576271186441,True
30.926553672316384,39.045197740113,2.9717679874422274,0.0637221456912657,1.46472754700954,0.12355836969658808,2.7827028496489707,3.3742117961271427,25.879774360924657,0.5322312468951844,10.474576271186441,True
58.487001856963424,39.045197740113,0.40684364851373095,0.05316459617070889,2.0131431388551877,0.6205657383522343,0.6540936641279081,5.513432120940676,5.831718829895388,0.5322312468951844,10.474576271186441,True
76.26393316573044,39.045197740113,3.372230530002837,0.05316459617070889,0.1864406779661017,0.022598870056497175,0.6540936641279081,3.3551420694089975,44.991376604622566,2.378976449782736,10.474576271186441,True
39.614984612817345,39.045197740113,1.099672927732241,0.05316459617070889,1.1493932827664328,0.022598870056497175,1.8160444398442168,1.427441485068604,5.831718829895388,0.5322312468951844,10.474576271186441,True
30.926553672316384,87.4365980731796,0.2869061956346632,0.16577186517040068,0.885210778407937,0.46642251417138647,0.6540936641279081,1.427441485068604,46.67483416945348,0.7214097435538811,10.474576271186441,True
36.193684248790234,39.045197740113,3.829444214648024,0.05316459617070889,0.8453604423009027,0.022598870056497175,0.6540936641279081,1.427441485068604,14.101589314642014,1.6888327528060234,10.474576271186441,True
79.93749977001353,39.045197740113,0.2869061956346632,0.05316459617070889,0.1864406779661017,0.022598870056497175,0.6540936641279081,1.427441485068604,30.27472894976041,0.5322312468951844,10.474576271186441,True
123.6259373802384,39.045197740113,1.0368721839379176,0.05316459617070889,0.6897823496406712,0.022598870056497175,8.53621023339484,1.427441485068604,5.831718829895388,0.8943415363009802,10.474576271186441,True
30.926553672316384,39.045197740113,0.7077334979138469,0.05344798569661943,1.0497127933272266,0.022598870056497175,4.89594601366633,1.427441485068604,5.831718829895388,1.4134662271932887,10.474576271186441,True
50.621588004269896,39.045197740113,2.3765224742699114,0.05316459617070889,0.1864406779661017,0.022598870056497175,2.2786299970259263,1.427441485068604,21.15652939105896,0.5322312468951844,10.474576271186441,True
97.46323616080296,39.045197740113,0.2869061956346632,0.05316459617070889,0.1864406779661017,0.16256911272389252,1.8833868890649894,1.427441485068604,9.239121732331748,0.5322312468951844,11.55429703168383,True
40.64008241262311,39.045197740113,2.2521763774222716,0.05316459617070889,0.33171493255959883,0.6175002134024679,7.009982473104942,1.427441485068604,43.834566510455026,1.417360590365507,10.474576271186441,True
61.88673264327602,39.045197740113,0.2869061956346632,0.05316459617070889,0.1864406779661017,0.49299463740177357,0.6540936641279081,1.427441485068604,56.845520692975846,0.5322312468951844,10.474576271186441,True
30.926553672316384,79.09256969610986,0.7881218636540366,0.05316459617070889,0.5984972894198881,0.49809330176607286,0.6540936641279081,1.427441485068604,17.290953144486263,3.1877597576337795,10.474576271186441,True
88.5679281178267,95.84722745724406,0.7881555454943432,0.11175566215974188,0.1864406779661017,0.022598870056497175,0.6540936641279081,1.9737475790782013,10.879187055079168,3.335652842991702,10.474576271186441,True
30.926553672316384,39.045197740113,0.2869061956346632,0.05316459617070889,1.6355591005212762,0.022598870056497175,5.8811332401354885,7.282079605009191,5.831718829895388,3.1535785765940485,10.474576271186441,True
30.926553672316384,39.045197740113,0.2869061956346632,0.14670438120004614,0.1864406779661017,0.11200214603190949,5.60970680519571,1.427441485068604,5.831718829895388,0.7935310749401956,10.474576271186441,True
30.926553672316384,39.045197740113,0.3447148366375616,0.08804052219898043,2.485798667680456,0.022598870056497175,0.6540936641279081,4.399687583709255,31.732610704918066,0.5322312468951844,10.474576271186441,True
30.926553672316384,39.045197740113,0.2869061956346632,0.05316459617070889,1.6715588631197802,0.022598870056497175,0.6540936641279081,1.743298814415751,9.453219447930872,0.5322312468951844,10.474576271186441,True
72.55098397493855,39.045197740113,0.2869061956346632,0.05316459617070889,0.6268472625702355,0.022598870056497175,3.532748111973572,1.427441485068604,25.13893538651258,0.8976887823251699,10.474576271186441,True
64.6336790479128,39.045197740113,0.2869061956346632,0.09746440526122019,0.5430569307736611,0.022598870056497175,5.322992567185045,1.427441485068604,5.831718829895388,2.863244088177571,20.870727486326526,True
92.78078936237526,39.045197740113,0.2869061956346632,0.290038821088279,0.9993092655120226,0.022598870056497175,3.1162556113320594,1.427441485068604,26.261929189637968,0.5322312468951844,10.474576271186441,True
30.926553672316384,39.045197740113,1.2638623828747577,0.0932838134946814,0.1864406779661017,0.022598870056497175,2.035744693808001,2.5231367655105665,33.09241061242745,0.5322312468951844,10.474576271186441,True
30.926553672316384,39.045197740113,0.6562210626860667,0.05316459617070889,0.721635765468891,0.022598870056497175,2.3910049203102792,4.269170805241632,5.831718829895388,2.390193219334157,12.245325625416807,True
30.926553672316384,39.045197740113,1.6490987286690688,0.12737875758370293,0.1864406779661017,0.03559340337817327,0.6540936641279081,1.427441485068604,5.831718829895388,0.5322312468951844,10.474576271186441,True
30.926553672316384,90.976547804407,0.7308830962389476,0.05316459617070889,0.5134955456536248,0.04157299553778031,0.6540936641279081,1.427441485068604,38.07406821362711,0.6066878905878057,10.474576271186441,True
30.926553672316384,39.045197740113,2.40500449544228,0.0751195727609692,0.1864406779661017,0.022598870056497175,11.481618506043246,1.427441485068604,85.7520138813407,1.4153154292140377,11.922096063841263,True
30.926553672316384,39.045197740113,0.2869061956346632,0.05316459617070889,1.7823764327911908,0.022598870056497175,0.6540936641279081,5.243479603703427,5.831718829895388,0.7145219425649744,10.474576271186441,True
120.74788887671258,39.045197740113,0.2869061956346632,0.2847435966234242,1.2797853521028146,0.022598870056497175,6.934453636426886,1.427441485068604,31.35804903732396,0.5322312468951844,10.474576271186441,True
157.4707490051613,39.045197740113,2.182944744035234,0.05316459617070889,0.1864406779661017,0.022598870056497175,3.805869198119679,1.427441485068604,83.64177291805771,1.8096414063090434,17.283162588103387,True
142.73370416794285,39.045197740113,0.6683916013863878,0.09118397673605702,0.29129777783760913,0.022598870056497175,3.2010813253031767,3.8997962853227164,5.831718829895388,2.92434405776806,10.474576271186441,True
123.96343857715738,39.045197740113,1.1546949013044763,0.06601868483117446,1.3400307895876453,0.4834283393885365,0.6540936641279081,1.427441485068604,5.831718829895388,0.8246819486598083,10.474576271186441,True
30.926553672316384,39.045197740113,0.2869061956346632,0.10431914347624283,1.4257432712583522,0.2908349218325505,0.6540936641279081,1.427441485068604,13.247715394737899,1.0981359557154327,10.474576271186441,True
73.60640837695358,39.045197740113,0.2869061956346632,0.05316459617070889,2.219734479612026,0.053399554767959566,2.2477564542286985,1.427441485068604,81.34575590027742,0.5322312468951844,10.474576271186441,True
61.851563787417035,137.6040402593784,1.5552361997586133,0.05316459617070889,1.1631442038425306,0.049530554525850506,0.6540936641279081,3.205460833537882,5.831718829895388,1.8814921561632276,10.474576271186441,True
30.926553672316384,39.045197740113,1.337470578103314,0.05316459617070889,0.1864406779661017,0.34772658825579283,2.132919670421397,4.311518020944023,30.981255752662094,1.2245682287156745,10.474576271186441,True
70.55884190988233,39.045197740113,0.8544626161482818,0.05466433644934887,0.1864406779661017,0.3873959198904365,0.6540936641279081,3.6443699565997862,5.831718829895388,2.464064362531537,10.474576271186441,True
30.926553672316384,89.11124131507805,0.2869061956346632,0.05316459617070889,0.4397402746641328,0.022598870056497175,8.662187420947088,1.427441485068604,5.831718829895388,0.5322312468951844,10.474576271186441,True
30.926553672316384,39.045197740113,0.9041403946107924,0.05316459617070889,3.801177312511467,0.022598870056497175,1.7631067327529544,1.427441485068604,5.831718829895388,0.5322312468951844,10.474576271186441,True
30.926553672316384,39.045197740113,2.2989649922962765,0.05316459617070889,2.9705863727686217,0.2699085248122474,0.6540936641279081,3.2225907200464214,40.33748663514815,0.5322312468951844,13.78244633597921,True
116.1660260965093,39.045197740113,0.2869061956346632,0.12944127947730732,1.441888370450742,0.022598870056497175,3.490412479710095,1.427441485068604,5.831718829895388,0.851979337945385,10.474576271186441,True
118.74224087358729,39.045197740113,0.7723435587678948,0.20044967762127108,0.5952866747987984,0.022598870056497175,0.6540936641279081,3.6590862909968718,5.831718829895388,3.2202682106225673,10.474576271186441,True
30.926553672316384,39.045197740113,1.6483491669924106,0.08196095487872837,0.5502910870232531,0.022598870056497175,11.160278119019946,6.1187396995765555,27.048862352547403,0.5322312468951844,11.832008725874985,True
30.926553672316384,67.59491542076917,0.2869061956346632,0.08595677913221159,0.1864406779661017,0.616738944529595,0.6540936641279081,1.427441485068604,5.831718829895388,1.1741168111806424,10.474576271186441,True
53.7558959372984,39.045197740113,0.871464136918128,0.05316459617070889,1.0342992717346255,0.19082291301909865,0.6540936641279081,2.598809997659324,9.073982495660548,0.9956836948637784,12.82685200895327,True
52.26520119322885,39.045197740113,1.0096081184364933,0.05316459617070889,1.7474870152140567,0.022598870056497175,5.198165520985731,8.56176884631915,36.708051964936324,1.8537567383949467,12.184292958370952,True
93.96739819189484,39.045197740113,0.32383268801341103,0.05316459617070889,1.4896688202844781,0.11988329374541595,8.054968890903819,1.427441485068604,43.76658010283488,0.5325226834049156,10.474576271186441,True
143.68592542228066,39.045197740113,0.2869061956346632,0.10177627380526491,0.6845578034776062,0.3114647338948017,0.6540936641279081,1.427441485068604,45.316084075201076,0.5322312468951844,10.474576271186441,True
65.53227386061441,39.045197740113,1.4233382367693526,0.25211663678262797,0.26984823468255675,0.022598870056497175,1.4521845016421526,1.427441485068604,42.5128208564318,0.5322312468951844,10.474576271186441,True
30.926553672316384,39.045197740113,1.4960624165832672,0.24755561012689448,0.1864406779661017,0.039000238076423305,1.4569804878969794,1.7130177000149194,78.20821759853133,0.5322312468951844,10.474576271186441,True
30.926553672316384,41.206912380353785,0.8918744896008346,0.05316459617070889,0.1864406779661017,0.20372689661078136,4.730390083601283,1.427441485068604,5.831718829895388,0.8379326359989301,10.474576271186441,True
67.149282721796,39.045197740113,0.2869061956346632,0.05316459617070889,1.969917782234333,0.10755397804383246,1.6289994040931872,1.427441485068604,5.831718829895388,1.3914772304035312,12.618380591490773,True
30.926553672316384,39.045197740113,0.5729636925005083,0.05316459617070889,0.6548368324406169,0.022598870056497175,0.6540936641279081,1.427441485068604,5.831718829895388,1.8877260732673473,21.137995933577457,True
30.926553672316384,39.045197740113,1.53618868042152,0.05316459617070889,0.7632764847423885,0.022598870056497175,6.45046462346497,1.427441485068604,70.1337793593254,4.8682932264811,10.474576271186441,True
62.08343937619088,39.045197740113,0.2869061956346632,0.20503551539005307,1.3638398010474801,0.022598870056497175,5.487666940434084,1.427441485068604,83.98787667549455,2.3628959708618127,10.474576271186441,True
78.84446737042275,41.84692542056396,0.2869061956346632,0.14335653247323696,2.376688165406069,0.06278950579762681,0.6540936641279081,6.284874835739582,5.831718829895388,0.5322312468951844,10.474576271186441,True
30.926553672316384,50.30233632656341,0.2869061956346632,0.14222276620359595,1.4543030068238842,0.3124256435729836,0.6540936641279081,1.427441485068604,33.705775391630816,0.5322312468951844,10.474576271186441,True
30.926553672316384,39.045197740113,1.2931257493125536,0.05316459617070889,0.26212128451583716,0.050630937328402924,0.6540936641279081,1.427441485068604,10.826558813668775,0.6931784098616133,10.474576271186441,True
30.926553672316384,68.69233626085943,0.4966314981697458,0.05316459617070889,0.3485717142014334,0.09931334058056425,1.0266526205264832,1.4379749000421684,50.7988340475113,0.5322312468951844,10.474576271186441,True
30.926553672316384,39.045197740113,0.2869061956346632,0.05316459617070889,2.7918315678450645,0.022598870056497175,1.049712624467722,1.427441485068604,5.831718829895388,0.5322312468951844,17.789092564794746,True
30.926553672316384,62.03519550858202,1.973976545435819,0.05316459617070889,2.5693379817844,0.15838821803727188,2.2586080459193107,4.689038994389597,43.28602091308108,0.5322312468951844,10.474576271186441,True
30.926553672316384,39.045197740113,0.2869061956346632,0.05316459617070889,0.1864406779661017,0.05057848511883122,2.6956487118002004,1.427441485068604,5.831718829895388,1.8068909468707384,10.474576271186441,True
30.926553672316384,39.045197740113,1.8682696870209887,0.05316459617070889,0.638457765214265,0.2601488718438988,0.6540936641279081,1.427441485068604,69.5192450951579,3.856135455971411,16.350303347838953,True
30.926553672316384,39.23812020098638,0.2869061956346632,0.05316459617070889,0.5960720606687027,0.022598870056497175,0.6540936641279081,2.827284363506082,15.595537087744942,0.5322312468951844,10.474576271186441,True
30.926553672316384,39.045197740113,1.5327397872584771,0.05316459617070889,0.6460483993164623,0.022598870056497175,1.1775096808635412,1.427441485068604,5.831718829895388,0.9232327200153392,10.474576271186441,True
30.926553672316384,39.045197740113,0.2869061956346632,0.05316459617070889,0.1864406779661017,0.17986720085336794,3.461846264039199,4.43735937724894,58.98141011393106,0.5322312468951844,10.474576271186441,True
30.926553672316384,63.06016502513461,0.2869061956346632,0.05316459617070889,0.20623570646327355,0.6684834794306728,0.6540936641279081,1.427441485068604,30.815963834626878,4.382838173787113,10.474576271186441,True
135.46241310728172,39.045197740113,0.2869061956346632,0.05316459617070889,0.7190202269390185,0.8413824198998072,7.242265900721272,1.427441485068604,5.831718829895388,4.166746768267411,10.474576271186441,True
33.34690169549005,39.045197740113,0.8973427809303376,0.05316459617070889,0.35525899191764104,0.226941160069139,0.6540936641279081,1.427441485068604,53.50296118852008,0.5322312468951844,10.474576271186441,True
30.926553672316384,39.045197740113,1.1778377589399236,0.05316459617070889,2.327647045191882,0.022598870056497175,5.581138238363034,5.068995809878569,48.287844590058114,0.5322312468951844,10.474576271186441,True
30.926553672316384,39.045197740113,0.2869061956346632,0.05316459617070889,0.1864406779661017,0.022598870056497175,0.6540936641279081,1.427441485068604,5.831718829895388,0.5322312468951844,10.474576271186441,True
30.926553672316384,39.045197740113,0.2869061956346632,0.09232095775482525,1.9852681801591188,0.022598870056497175,0.6540936641279081,7.725978375849879,16.25639498688342,0.5322312468951844,10.474576271186441,True
116.59650806882085,39.045197740113,0.2869061956346632,0.05316459617070889,0.1864406779661017,0.2478323043850234,4.448331663614471,1.427441485068604,5.831718829895388,0.5322312468951844,10.474576271186441,True
32.387180639020556,39.045197740113,0.5949238160801382,0.05316459617070889,0.1864406779661017,0.022598870056497175,4.361668132849671,1.427441485068604,19.68070619211823,0.5322312468951844,10.474576271186441,True
30.926553672316384,45.43262734938575,2.2520557312908545,0.05316459617070889,1.300337499732348,0.022598870056497175,2.8454560771174,1.427441485068604,5.831718829895388,1.8592123774469145,10.474576271186441,True
30.926553672316384,39.045197740113,0.2869061956346632,0.05316459617070889,1.3840685062370117,0.022598870056497175,0.6540936641279081,7.811737295356005,15.414214911768978,2.457037975485786,10.474576271186441,True
81.79816022850326,39.045197740113,3.0219006245240565,0.05316459617070889,3.68727899215754,0.022598870056497175,1.8644963431575343,1.81990635651024,47.13241785288726,3.0420883676641832,10.474576271186441,True
30.926553672316384,39.045197740113,0.4702866308905347,0.05316459617070889,1.5140833214031018,1.0254012411995037,0.6540936641279081,1.427441485068604,5.831718829895388,0.5322312468951844,18.31169694029165,True
75.77868256201478,39.045197740113,0.3960372784082377,0.05316459617070889,0.8218352350482887,0.022598870056497175,0.6540936641279081,3.718913108018887,5.831718829895388,0.5322312468951844,26.764968746751826,True
30.926553672316384,39.045197740113,0.2869061956346632,0.05316459617070889,1.4898750425766745,0.022598870056497175,5.154207144120611,2.693071497813925,59.608055185716566,0.5322312468951844,16.063151585792546,True
38.1528880210402,39.045197740113,0.2869061956346632,0.05316459617070889,1.295491544555439,0.022598870056497175,0.6540936641279081,3.4726772774881516,30.86808337831075,0.5322312468951844,10.474576271186441,True
30.926553672316384,39.045197740113,2.254844271038003,0.08428520545670379,0.1864406779661017,0.022598870056497175,4.434749375060514,3.8173904511844357,28.34061881626444,0.6584558338338771,11.838945342619692,True
39.191559778492696,39.045197740113,0.2869061956346632,0.12694070071808344,0.2604939197856135,0.3113175378863186,0.6540936641279081,4.810144837739744,44.280965178007996,1.440186730260003,10.474576271186441,True
34.39975998586794,39.045197740113,0.6282513695141976,0.180664808836092,1.8625957958771477,0.022598870056497175,3.933453534690899,3.974669731195427,5.831718829895388,0.9209142970267901,10.474576271186441,True
45.332774446949585,39.045197740113,0.2869061956346632,0.05316459617070889,1.8837137617868105,0.3935334412917891,0.6540936641279081,7.409523328291365,5.831718829895388,0.5322312468951844,10.474576271186441,True
64.21009024847753,39.045197740113,0.9652616869485036,0.05316459617070889,3.1569819854720276,0.2524844381973246,4.809995342805713,6.248912737222831,88.09951121159698,0.5322312468951844,10.474576271186441,True
30.926553672316384,39.045197740113,0.2869061956346632,0.25320263166922874,1.7402585836381075,0.43309110267370815,3.9194960095414917,1.8408340588604413,42.158947550330176,0.9979444626737761,10.474576271186441,True
30.926553672316384,39.045197740113,1.486582132323173,0.05316459617070889,0.863579733890959,0.022598870056497175,0.6540936641279081,1.8582463312565265,5.831718829895388,0.7032285332653807,10.474576271186441,True
153.9265803381757,39.045197740113,3.029873358030016,0.05316459617070889,0.1864406779661017,0.092902681204801,0.6540936641279081,7.02360193593106,5.831718829895388,2.5871272538225583,10.474576271186441,True
49.9594305498898,39.045197740113,1.5054254405459988,0.103468020724067,1.2519148905519795,0.022598870056497175,1.096972052151624,1.427441485068604,5.831718829895388,0.5322312468951844,14.753810196286867,True
63.16029788104885,39.045197740113,0.6392887034056247,0.05316459617070889,0.1864406779661017,0.1370156184321728,3.028436678360161,1.427441485068604,80.39081754327961,2.4631468691440057,10.474576271186441,True
30.926553672316384,39.045197740113,0.2869061956346632,0.1975974592242169,0.1864406779661017,0.022598870056497175,0.7972426191469033,5.495057687393834,5.831718829895388,1.6394787318886255,22.889489473370944,True
30.926553672316384,39.045197740113,2.0377010569009375,0.20992972899623258,0.1864406779661017,0.022598870056497175,2.3328953796960623,1.427441485068604,35.59686186957289,0.9484169639948459,23.87970769471455,True
30.926553672316384,39.045197740113,1.5072555673006072,0.05744116194573494,0.4118151637919957,0.022598870056497175,1.5037084848366435,5.5267937808902925,11.090104768827562,0.5322312468951844,18.02683522301204,True
34.15862738276907,39.045197740113,0.9058121648026216,0.05316459617070889,1.8246135130992958,0.19006895089172815,3.098732806500903,1.427441485068604,5.831718829895388,0.5322312468951844,10.474576271186441,True
30.926553672316384,117.16557396823713,0.2869061956346632,0.05316459617070889,0.2676760675073805,0.4692588398204188,5.365418504167182,4.293748994067716,5.831718829895388,0.5322312468951844,15.912607937635787,True
30.926553672316384,39.045197740113,0.2869061956346632,0.05316459617070889,0.1864406779661017,0.7468382825387189,0.6540936641279081,1.427441485068604,5.831718829895388,0.5322312468951844,14.429751163683548,True
69.82789902482848,88.18003644372104,0.2869061956346632,0.05316459617070889,1.8573335019332247,0.40289502546959294,3.4040720895740386,4.201675199203711,5.831718829895388,0.5322312468951844,10.474576271186441,True
157.73086859931487,39.045197740113,0.2869061956346632,0.07021177012399596,0.9028803180662148,0.022598870056497175,2.1657886828077766,1.427441485068604,5.831718829895388,0.5322312468951844,10.474576271186441,True
64.3348861908461,39.045197740113,1.6977888020350733,0.05316459617070889,1.68208342305096,0.13298330879946035,3.61079490582487,1.427441485068604,5.831718829895388,1.0299778628306417,10.587012565404857,True
109.38955697869898,67.50983133880055,0.8198950590084801,0.05316459617070889,1.1151865899587659,0.022598870056497175,0.6540936641279081,1.654227108317325,5.831718829895388,0.5322312468951844,10.474576271186441,True
30.926553672316384,39.045197740113,2.304139079870505,0.1024271471267006,0.6244830232616282,0.022598870056497175,0.7589256833502486,1.427441485068604,17.35689100187576,0.9795949934477339,10.474576271186441,True
51.22073472098211,47.80021472974031,0.3455866128530971,0.05316459617070889,0.8306710847271606,0.022598870056497175,0.6540936641279081,7.057246244687297,22.21239228471167,3.139585541773129,24.242869471258025,True
30.926553672316384,39.045197740113,1.5337526728180164,0.15116056223086702,1.0439796080050858,0.16329180162312462,3.540506942223024,1.427441485068604,24.223086440027018,2.6634103829587286,10.474576271186441,True
30.926553672316384,39.045197740113,0.2869061956346632,0.05316459617070889,1.0486737902195893,0.022598870056497175,2.5579621466026166,4.833051214317831,15.423833146741899,0.5322312468951844,10.474576271186441,True
136.4545925502705,74.17372164086021,0.5127030854286848,0.05316459617070889,1.6864754010641756,0.6775602055590482,2.9466588963412215,5.675795710001322,100.10650237790432,0.5322312468951844,10.474576271186441,True
91.8612612441227,39.045197740113,1.7234678866507276,0.05316459617070889,0.1864406779661017,0.05758676100683683,0.6540936641279081,1.427441485068604,65.58956599755109,0.5322312468951844,14.873654808521326,True
70.48728603271539,39.045197740113,1.0309204766707682,0.058300499262899874,0.3003414057737861,0.23689416526748525,1.1799245245158372,1.427441485068604,5.831718829895388,0.5322312468951844,14.21875978656537,True
30.926553672316384,51.511736352628375,1.0970587130424778,0.08989164794025428,0.3611899253512588,0.43999332672507196,4.826039998560556,2.736774604090851,5.831718829895388,0.7541835037816255,10.474576271186441,True
30.926553672316384,39.045197740113,0.2869061956346632,0.05316459617070889,0.1864406779661017,0.022598870056497175,3.4126465660464347,3.764997215919601,5.831718829895388,0.5322312468951844,10.474576271186441,True
30.926553672316384,62.61170957020006,0.2869061956346632,0.05316459617070889,2.565116100568675,0.4588514380842341,0.6540936641279081,1.427441485068604,55.40069623630618,4.116117169740265,10.474576271186441,True
30.926553672316384,65.7385430343405,0.2869061956346632,0.09756985394314024,1.1005095543705354,0.37328029234699406,0.6540936641279081,1.427441485068604,19.467457716774582,1.3431096159133777,10.474576271186441,True
78.11524250418493,39.045197740113,0.2869061956346632,0.057309759240905436,1.6537500293591836,0.022598870056497175,0.6540936641279081,2.2417220369328605,61.926506627785905,1.1845121860270624,10.474576271186441,True
30.926553672316384,77.39062299485218,1.1829982226882503,0.14566753565424706,0.1864406779661017,0.022598870056497175,4.222993104086776,1.427441485068604,5.831718829895388,1.6473259817895203,10.474576271186441,True
54.83411843095648,39.045197740113,1.0583066733783264,0.05316459617070889,1.052064007358645,0.6560969082953848,0.6540936641279081,1.427441485068604,36.44036244940707,2.957256648074818,20.343116322599357,True
30.926553672316384,39.045197740113,1.3439429659467923,0.05316459617070889,0.9063244488868838,0.022598870056497175,6.634546595321172,1.427441485068604,24.15869898711358,1.532272150258215,10.474576271186441,True
75.08486300549964,39.045197740113,0.2869061956346632,0.0870405201608841,0.1864406779661017,0.1651467801653128,1.1283759830364912,1.427441485068604,5.831718829895388,0.5322312468951844,10.474576271186441,True
113.24166287541236,39.045197740113,0.2869061956346632,0.05316459617070889,2.2333259827093435,0.022598870056497175,3.520689713770496,1.427441485068604,17.81398367625055,0.5322312468951844,10.474576271186441,True
30.926553672316384,39.045197740113,0.42390546797069806,0.05316459617070889,1.1819892514485575,0.022598870056497175,0.6540936641279081,1.427441485068604,5.831718829895388,3.7807273105248322,10.474576271186441,True
102.58626282425821,78.3094964465401,0.2869061956346632,0.1376739220886951,2.8966773436743662,0.022598870056497175,3.018504320732311,1.427441485068604,17.805842255415534,0.5322312468951844,10.474576271186441,True
67.58496266843154,46.739231402039884,0.585096529350302,0.05316459617070889,1.2602723829751579,0.022598870056497175,0.6540936641279081,1.427441485068604,48.67171964234979,0.5322312468951844,10.474576271186441,True
30.926553672316384,84.94110645980206,3.0400263904209277,0.35751540795739106,0.1864406779661017,0.022598870056497175,1.5724920217892668,4.69298766996425,53.097905832626,1.026347227823821,10.474576271186441,True
51.09058048382397,39.045197740113,0.8284858489771123,0.05316459617070889,1.2194765938321972,0.4964021261379072,2.338778641591513,2.1737434455315423,5.831718829895388,1.6586955814286735,13.677966963061849,True
100.07180334279133,44.106996171776956,0.6844273558060984,0.251807341296458,0.4823631809584058,0.022598870056497175,5.537184173132981,1.427441485068604,60.758572039926015,0.5322312468951844,10.474576271186441,True
34.29002732050269,39.045197740113,0.2869061956346632,0.07996174852367964,0.1864406779661017,0.8000489592631898,0.6540936641279081,1.7331873385275323,5.831718829895388,2.452298734791521,10.474576271186441,True
42.73344102940962,39.045197740113,0.2869061956346632,0.1332308803750042,1.9137878578927625,0.4268255440243715,0.6540936641279081,7.650099402982133,5.831718829895388,0.5322312468951844,10.474576271186441,True
105.12205311028974,39.045197740113,0.2869061956346632,0.07511520045946371,0.1864406779661017,0.04288709144447039,4.468559563192875,1.427441485068604,43.6892245647264,0.5322312468951844,10.474576271186441,True
97.2656932496265,39.045197740113,0.2869061956346632,0.2638849102465529,0.6513369595034221,0.6201087707063536,0.6540936641279081,1.427441485068604,13.44278211482764,0.5322312468951844,10.474576271186441,True
30.926553672316384,39.045197740113,0.2869061956346632,0.05316459617070889,0.1864406779661017,0.036478912735070736,0.6540936641279081,4.309939922569573,5.831718829895388,0.5322312468951844,10.474576271186441,True
30.926553672316384,55.866204989721936,0.2869061956346632,0.2497448170589714,0.36680955126321024,0.39888942167225594,0.6540936641279081,1.427441485068604,5.831718829895388,4.532415670812993,10.474576271186441,True
79.19199624286625,39.045197740113,0.9759176736688291,0.05316459617070889,1.9176853052599974,0.022598870056497175,0.6540936641279081,1.427441485068604,5.831718829895388,2.4842031961848567,10.474576271186441,True
30.926553672316384,39.045197740113,0.2869061956346632,0.05316459617070889,1.60106019080536,0.022598870056497175,0.6540936641279081,2.554234361558108,39.519628216959354,1.3585505406374583,18.83417649500877,True
30.926553672316384,39.53910785765205,0.2869061956346632,0.05316459617070889,1.0323159742123518,0.022598870056497175,2.6461950022000837,1.427441485068604,60.19404905401229,0.5322312468951844,10.474576271186441,True
30.926553672316384,39.045197740113,1.8547820906342398,0.05316459617070889,0.1864406779661017,0.3136125739478388,0.6540936641279081,1.7828509134075339,5.831718829895388,2.118440941503639,10.474576271186441,True
30.926553672316384,39.045197740113,0.2869061956346632,0.05316459617070889,0.1864406779661017,0.022598870056497175,0.8118516648372913,1.427441485068604,5.831718829895388,1.1631417669975517,40.484873087503566,False
100.24128656637137,39.045197740113,0.2869061956346632,0.05316459617070889,0.1864406779661017,0.022598870056497175,0.6540936641279081,1.6999172807465057,5.831718829895388,1.0976544727823678,13.946483572426446,False
98.27786592049287,151.3357249308117,0.2869061956346632,0.05316459617070889,0.1864406779661017,0.022598870056497175,0.6701025543491311,1.427441485068604,5.831718829895388,0.878929448716643,15.583289882602978,False
119.37045955114444,98.49349926698014,0.2869061956346632,0.06383490293041581,0.1864406779661017,0.022598870056497175,0.6540936641279081,2.5632083920013713,5.831718829895388,0.559301894718037,29.578618695492978,False
35.34798092339129,112.34952822818461,0.2869061956346632,0.16925375743153429,0.1864406779661017,0.022598870056497175,0.6540936641279081,1.427441485068604,5.831718829895388,0.5322312468951844,26.41585008420465,False
30.926553672316384,39.045197740113,0.2869061956346632,0.32268156269486137,0.1864406779661017,0.022598870056497175,1.157988983719036,3.6330249275516784,10.16030461370211,0.9595473557235462,29.479738759122583,False
71.07714938874625,78.87681295990622,0.2869061956346632,0.289777378454776,0.1864406779661017,0.022598870056497175,0.8485348915735099,2.7509367063798797,7.886181046657809,0.5322312468951844,10.474576271186441,False
172.59574083946518,39.045197740113,0.2869061956346632,0.3272943574082323,0.1864406779661017,0.022598870056497175,0.6540936641279081,1.427441485068604,7.109721892358285,0.5322312468951844,22.395634073666635,False
30.926553672316384,134.87786217573824,0.2869061956346632,0.12799048092475637,0.1864406779661017,0.022598870056497175,0.6540936641279081,1.427441485068604,5.831718829895388,0.9892620714898136,16.36469053669596,False
30.926553672316384,105.35664940855642,0.5343702512239602,0.1908357494838473,0.1864406779661017,0.022598870056497175,0.6540936641279081,4.699808550878213,5.831718829895388,0.5322312468951844,10.474576271186441,False
92.02897054373702,174.8939344305492,0.2869061956346632,0.2241827056460145,0.1864406779661017,0.022598870056497175,0.6540936641279081,2.1853847176339953,5.831718829895388,0.5322312468951844,23.467512620908888,False
118.81986620786311,88.50901116270205,0.2869061956346632,0.27672623385296163,0.1864406779661017,0.022598870056497175,0.6540936641279081,1.427441485068604,5.831718829895388,0.763655727799923,10.474576271186441,False
30.926553672316384,39.045197740113,0.46743832396307716,0.06223339504653906,0.1864406779661017,0.022598870056497175,0.6540936641279081,3.183442981235318,5.831718829895388,0.6873981560857269,22.307683788645665,False
37.214697716645624,113.27825454150053,0.2869061956346632,0.28337564617820366,0.1864406779661017,0.022598870056497175,0.735896856776636,3.5512816466490844,5.831718829895388,0.5322312468951844,10.474576271186441,False
30.926553672316384,72.88116928786664,0.2869061956346632,0.05316459617070889,0.1864406779661017,0.022598870056497175,0.6540936641279081,2.2640854723152195,7.042968947668038,0.5322312468951844,15.72350469619311,False
30.926553672316384,70.31700615676789,0.2869061956346632,0.05316459617070889,0.1864406779661017,0.022598870056497175,0.6540936641279081,1.427441485068604,5.831718829895388,0.7481386811414968,10.474576271186441,False
77.88416943655544,76.44009857065942,0.2869061956346632,0.11900834314578246,0.1864406779661017,0.022598870056497175,0.6540936641279081,1.7712291036116978,6.67634225874141,1.2029371593626168,10.474576271186441,False
39.66187030549298,39.045197740113,0.2869061956346632,0.1209017169815598,0.1864406779661017,0.022598870056497175,0.6540936641279081,2.659135649788238,7.612810899319456,0.5322312468951844,16.204872035321277,False
87.35003746999702,39.25976823464014,0.2869061956346632,0.05316459617070889,0.1864406779661017,0.022598870056497175,0.6540936641279081,1.427441485068604,5.831718829895388,0.5322312468951844,10.474576271186441,False
30.926553672316384,79.81190441783374,0.2869061956346632,0.05316459617070889,0.1864406779661017,0.022598870056497175,0.6540936641279081,1.427441485068604,5.831718829895388,0.5322312468951844,38.78566485422777,False
30.926553672316384,67.99848914219444,0.2869061956346632,0.05316459617070889,0.1864406779661017,0.022598870056497175,0.6540936641279081,1.5253541608541883,5.831718829895388,0.5322312468951844,42.805244972175295,False
86.51650054684107,53.2413966039087,0.2869061956346632,0.18952436600902503,0.1864406779661017,0.022598870056497175,0.6540936641279081,1.9326256432226785,5.831718829895388,0.5322312468951844,24.280554944196666,False
30.926553672316384,92.93303213830535,0.2869061956346632,0.05316459617070889,0.1864406779661017,0.022598870056497175,0.6540936641279081,1.427441485068604,5.831718829895388,0.635874613434219,10.474576271186441,False
54.8930980491772,114.26330432714254,0.2869061956346632,0.06746029596515998,0.1864406779661017,0.022598870056497175,0.7386613460025079,1.7511456438789306,5.910198828571535,0.5322312468951844,36.113084052700835,False
30.926553672316384,94.25269406817489,0.2869061956346632,0.05316459617070889,0.1864406779661017,0.022598870056497175,0.6540936641279081,1.427441485068604,5.831718829895388,0.8311391183663653,10.474576271186441,False
30.926553672316384,39.045197740113,0.2869061956346632,0.07057893637028873,0.1864406779661017,0.022598870056497175,0.6540936641279081,11.814855776113532,5.831718829895388,0.5322312468951844,10.474576271186441,False
30.926553672316384,39.045197740113,0.2869061956346632,0.3292009729379153,0.1864406779661017,0.022598870056497175,0.6540936641279081,2.7882740724406663,5.831718829895388,0.6297447682123455,22.2694276205357,False
30.926553672316384,39.045197740113,0.2869061956346632,0.05316459617070889,0.1864406779661017,0.022598870056497175,0.6540936641279081,1.427441485068604,5.831718829895388,0.5322312468951844,30.8503596636992,False
86.03923169024561,39.045197740113,0.2869061956346632,0.19991361804646582,0.1864406779661017,0.022598870056497175,0.6540936641279081,6.2030934555116435,5.831718829895388,0.5322312468951844,10.474576271186441,False
30.926553672316384,39.045197740113,0.2869061956346632,0.05316459617070889,0.1864406779661017,0.022598870056497175,1.2223814769408197,2.437575113809079,5.831718829895388,0.9663439517843546,14.999980187326635,False
114.93282726625408,39.045197740113,0.2869061956346632,0.0842108697257758,0.1864406779661017,0.022598870056497175,0.6540936641279081,1.427441485068604,5.831718829895388,1.2887184782017074,14.230424400811186,False
36.35870538398572,39.045197740113,0.2869061956346632,0.17316492543360665,0.1864406779661017,0.022598870056497175,0.6540936641279081,1.427441485068604,5.831718829895388,0.5322312468951844,14.054963155876809,False
30.926553672316384,48.54277661393019,0.2869061956346632,0.19501674928715512,0.1864406779661017,0.022598870056497175,0.7382208887933762,1.7970825814326041,7.177504949864828,0.5322312468951844,28.947443957270465,False
66.123769199141,82.48367231910082,0.2869061956346632,0.2195762516821657,0.1864406779661017,0.022598870056497175,0.6892320611272867,1.5171394903223216,5.831718829895388,0.8204515063457702,10.474576271186441,False
76.41751717992808,151.55889076029035,0.2869061956346632,0.11451819815361178,0.1864406779661017,0.022598870056497175,0.6540936641279081,2.2996171273173736,5.831718829895388,0.5322312468951844,10.474576271186441,False
93.53416522733191,80.28443595194184,0.2869061956346632,0.05316459617070889,0.1864406779661017,0.022598870056497175,0.6540936641279081,1.487140570025179,5.831718829895388,0.5322312468951844,10.474576271186441,False
106.91542832479347,170.7660072245315,0.2869061956346632,0.26584358107518813,0.1864406779661017,0.022598870056497175,0.8672516786022356,3.6037817320732355,5.831718829895388,1.2852944315923043,15.454490435346187,False
55.04226846486148,97.84225034097506,0.2869061956346632,0.05316459617070889,0.1864406779661017,0.022598870056497175,0.6540936641279081,1.427441485068604,5.831718829895388,1.2266600982853326,28.53518202390609,False
51.81789644716118,109.17223373029583,0.2869061956346632,0.11852016750464886,0.1864406779661017,0.022598870056497175,0.8917331098708478,1.8618078875131214,7.940313940043638,0.5322312468951844,11.705496090838231,False
97.98558699850356,137.13423588806097,0.2869061956346632,0.17876525851833544,0.1864406779661017,0.022598870056497175,0.778533766525646,3.955434235699831,5.831718829895388,0.5322312468951844,14.413446371064243,False
82.62109977605127,122.40433789757653,0.5902417946275337,0.08532257857040593,0.1864406779661017,0.022598870056497175,0.6540936641279081,1.427441485068604,7.518208447764366,0.5322312468951844,32.09094197881063,False
32.04496585479718,39.045197740113,0.5017392842454002,0.28278361640336874,0.1864406779661017,0.022598870056497175,0.6540936641279081,1.427441485068604,5.831718829895388,1.186995115876698,10.474576271186441,False
75.47567947228995,78.6941379085757,0.2869061956346632,0.24293792616336943,0.1864406779661017,0.022598870056497175,0.6540936641279081,5.054730118799216,5.831718829895388,0.6737572693899867,22.222065254392476,False
95.91923178974487,39.045197740113,0.2869061956346632,0.05316459617070889,0.1864406779661017,0.022598870056497175,0.6540936641279081,2.4876025992215665,5.831718829895388,0.5908762494797482,10.517348890157127,False
30.926553672316384,39.045197740113,0.2869061956346632,0.05316459617070889,0.1864406779661017,0.022598870056497175,0.6540936641279081,3.94569354184238,6.523624913218238,0.5322312468951844,10.474576271186441,False
30.926553672316384,39.045197740113,0.2869061956346632,0.28397983640173435,0.1864406779661017,0.022598870056497175,0.6540936641279081,2.240538784706736,5.831718829895388,0.7577557916769935,10.474576271186441,False
30.926553672316384,71.59845366436214,0.2869061956346632,0.05316459617070889,0.1864406779661017,0.022598870056497175,0.7860109107222011,6.249724029060904,5.831718829895388,0.5322312468951844,10.474576271186441,False
30.926553672316384,69.09358530229616,0.2869061956346632,0.05316459617070889,0.1864406779661017,0.022598870056497175,0.8469736872002818,6.466292890144862,5.831718829895388,0.5322312468951844,17.030580599473048,False
30.926553672316384,91.28143481498583,0.2869061956346632,0.05316459617070889,0.1864406779661017,0.022598870056497175,0.6540936641279081,1.427441485068604,5.831718829895388,0.5322312468951844,10.474576271186441,False
30.926553672316384,40.75549885961089,0.2869061956346632,0.2931628995571279,0.1864406779661017,0.022598870056497175,0.6540936641279081,3.0946075863842513,5.831718829895388,0.5322312468951844,20.16286334974577,False
30.926553672316384,152.25518127211973,0.2869061956346632,0.3468613067086352,0.1864406779661017,0.022598870056497175,0.6540936641279081,1.427441485068604,5.831718829895388,0.5322312468951844,14.11718075065438,False
131.09947875643027,39.045197740113,0.2869061956346632,0.05316459617070889,0.1864406779661017,0.022598870056497175,0.6540936641279081,5.096277337688338,5.831718829895388,0.5322312468951844,10.474576271186441,False
35.35252087705154,39.045197740113,0.2869061956346632,0.28902791045579984,0.1864406779661017,0.022598870056497175,0.7266870550923574,5.7783896576149445,5.831718829895388,0.5322312468951844,10.474576271186441,False
32.83404931806801,117.00655727566378,0.2869061956346632,0.5451371474622313,0.1864406779661017,0.022598870056497175,0.6540936641279081,4.065006483222415,6.465392662398284,0.5322312468951844,26.966535850842973,False
107.53859653779195,186.79410219484515,0.2869061956346632,0.14127978501109262,0.1864406779661017,0.022598870056497175,0.6540936641279081,7.731444127388355,6.418972981079357,0.5322312468951844,29.829223775456768,False
102.31886653904039,69.00960995534909,0.2869061956346632,0.05316459617070889,0.1864406779661017,0.022598870056497175,0.6540936641279081,1.427441485068604,6.934450036000774,0.8337226852284984,10.80915049812065,False
30.926553672316384,146.4977984274725,0.2869061956346632,0.05316459617070889,0.1864406779661017,0.022598870056497175,0.6540936641279081,6.428457451468678,5.831718829895388,0.5322312468951844,10.474576271186441,False
30.926553672316384,49.064363269719905,0.2869061956346632,0.09514546773384416,0.1864406779661017,0.022598870056497175,0.6540936641279081,2.3235903111592293,5.831718829895388,0.5322312468951844,23.7167260344282,False
30.926553672316384,39.045197740113,0.2869061956346632,0.05316459617070889,0.1864406779661017,0.022598870056497175,0.6540936641279081,4.857292618304953,5.831718829895388,0.8423922263931378,10.474576271186441,False
52.56130392320763,58.387684231233095,0.2869061956346632,0.05316459617070889,0.1864406779661017,0.022598870056497175,0.6540936641279081,4.100761596685976,5.831718829895388,0.5322312468951844,19.48945733373536,False
30.926553672316384,39.045197740113,0.2869061956346632,0.10070781922383676,0.1864406779661017,0.022598870056497175,0.6855784447436204,1.427441485068604,5.831718829895388,1.1551678452425287,28.735611810448532,False
30.926553672316384,39.045197740113,0.2869061956346632,0.05316459617070889,0.1864406779661017,0.022598870056497175,0.6540936641279081,5.282284829497328,7.341380689233985,0.9001427217735498,10.474576271186441,False
30.926553672316384,39.045197740113,0.2869061956346632,0.2956425267963526,0.1864406779661017,0.022598870056497175,0.6540936641279081,1.427441485068604,5.831718829895388,0.6889177213259663,10.474576271186441,False
30.926553672316384,39.045197740113,0.2869061956346632,0.05316459617070889,0.1864406779661017,0.022598870056497175,0.6540936641279081,1.427441485068604,5.831718829895388,0.5322312468951844,15.680147706688935,False
30.926553672316384,39.65879311386744,0.2869061956346632,0.15884471351008114,0.1864406779661017,0.022598870056497175,1.0352103694647088,1.5345106740880357,5.831718829895388,0.5322312468951844,11.616996910968908,False
54.54346878095544,39.313084992000974,0.3691430696857828,0.05316459617070889,0.1864406779661017,0.022598870056497175,0.6540936641279081,2.132099580878232,5.831718829895388,0.5322312468951844,10.474576271186441,False
72.55764388653898,52.47300602951216,0.2869061956346632,0.05316459617070889,0.1864406779661017,0.022598870056497175,0.9958061778746102,1.427441485068604,9.932653549723597,0.6615347110004424,10.474576271186441,False
49.52894550096158,143.3331566680383,0.2869061956346632,0.05316459617070889,0.1864406779661017,0.022598870056497175,0.6540936641279081,2.280357880240608,8.711745111186499,0.5322312468951844,10.474576271186441,False
90.94327369617471,39.045197740113,0.2869061956346632,0.2019477807904004,0.1864406779661017,0.022598870056497175,0.6540936641279081,7.069231168146569,5.831718829895388,0.5322312468951844,18.64385462393837,False
31.571159869352464,52.596864951287074,0.2869061956346632,0.12431630283139294,0.1864406779661017,0.022598870056497175,0.6540936641279081,2.9330650856733556,5.831718829895388,0.5322312468951844,10.474576271186441,False
127.79685960321532,39.045197740113,0.2869061956346632,0.29704891706341885,0.1864406779661017,0.022598870056497175,0.6540936641279081,6.270197808575126,7.015019765582727,0.5322312468951844,16.041500295844266,False
30.926553672316384,76.99435613371509,0.2869061956346632,0.05316459617070889,0.1864406779661017,0.022598870056497175,0.9836086349478144,4.108535669270484,5.831718829895388,1.0272809354223211,10.474576271186441,False
126.91590172674714,87.97927308659013,0.3372936009979284,0.05316459617070889,0.1864406779661017,0.022598870056497175,1.053391878380927,3.6168350129898905,5.831718829895388,0.5322312468951844,10.474576271186441,False
30.926553672316384,39.045197740113,0.2869061956346632,0.05316459617070889,0.1864406779661017,0.022598870056497175,0.6540936641279081,6.143109242511149,5.831718829895388,0.6838409929169893,38.970045185031175,False
74.10281746515932,103.56273558809036,0.29869354235398604,0.05316459617070889,0.1864406779661017,0.022598870056497175,0.6540936641279081,1.427441485068604,5.831718829895388,0.8441283894764795,23.2586621190122,False
53.91923096227189,61.388921778457565,0.2869061956346632,0.20478947058677,0.1864406779661017,0.022598870056497175,0.6540936641279081,3.22986248975641,5.831718829895388,0.5322312468951844,10.474576271186441,False
30.926553672316384,39.045197740113,0.34945940297123246,0.4950777843867303,0.1864406779661017,0.022598870056497175,0.6540936641279081,1.427441485068604,5.831718829895388,0.5811671227217083,10.474576271186441,False
100.56660201906753,39.045197740113,0.2869061956346632,0.05316459617070889,0.1864406779661017,0.022598870056497175,0.7111239344999082,1.427441485068604,5.831718829895388,0.95127868518596,10.474576271186441,False
30.926553672316384,63.200263006302336,0.2869061956346632,0.05316459617070889,0.1864406779661017,0.022598870056497175,1.529062519593498,8.614255627399366,5.831718829895388,0.5322312468951844,10.474576271186441,False
30.926553672316384,39.045197740113,0.2869061956346632,0.2344051868778001,0.1864406779661017,0.022598870056497175,0.6540936641279081,2.5368024951397024,5.831718829895388,0.5322312468951844,18.521353650991966,False
30.926553672316384,77.1798629529228,0.32551508977391924,0.05316459617070889,0.1864406779661017,0.022598870056497175,0.7895982281559263,1.427441485068604,5.831718829895388,0.5322312468951844,10.474576271186441,False
32.93167822066798,50.99740017603649,0.2869061956346632,0.05316459617070889,0.1864406779661017,0.022598870056497175,1.2148697978792256,1.427441485068604,5.831718829895388,0.5322312468951844,36.113946161795994,False
155.31444279825382,39.045197740113,0.2869061956346632,0.07745376305736329,0.1864406779661017,0.022598870056497175,0.6540936641279081,3.8062993743849822,7.657012589965986,0.5322312468951844,10.474576271186441,False
53.82825118342818,39.045197740113,0.2869061956346632,0.05316459617070889,0.1864406779661017,0.022598870056497175,0.6540936641279081,5.940419319073101,5.831718829895388,0.5322312468951844,18.85465745227487,False
96.15488743000753,39.045197740113,0.2869061956346632,0.05316459617070889,0.1864406779661017,0.022598870056497175,0.6540936641279081,1.427441485068604,5.831718829895388,0.5322312468951844,17.109604532025926,False
30.926553672316384,98.51712358672967,0.2869061956346632,0.11720571697777327,0.1864406779661017,0.022598870056497175,0.6540936641279081,1.5552407861240405,5.831718829895388,0.5322312468951844,37.83280288033281,False
30.926553672316384,174.50822849587212,0.2869061956346632,0.3879522587847208,0.1864406779661017,0.022598870056497175,0.6540936641279081,2.3010130467530976,5.831718829895388,0.5322312468951844,24.570544418621456,False
121.51914586122139,39.045197740113,0.2869061956346632,0.05316459617070889,0.1864406779661017,0.022598870056497175,0.6540936641279081,1.4477339482475002,5.957218565313318,1.0444777808855028,32.70026450604621,False
76.08656409284175,123.102704836103,0.2869061956346632,0.05316459617070889,0.1864406779661017,0.022598870056497175,0.6540936641279081,1.427441485068604,5.831718829895388,0.6426866176203982,32.19974075992611,False
61.829712887581266,45.58638103169006,0.2869061956346632,0.05316459617070889,0.1864406779661017,0.022598870056497175,0.6540936641279081,1.427441485068604,6.683440253562096,0.5322312468951844,18.840666574006036,False
30.926553672316384,39.045197740113,0.2869061956346632,0.19466125469061604,0.1864406779661017,0.022598870056497175,0.6540936641279081,1.427441485068604,5.831718829895388,0.5322312468951844,10.474576271186441,False
120.65827208855522,101.18132467960469,0.2869061956346632,0.2175140342976082,0.1864406779661017,0.022598870056497175,0.6540936641279081,1.427441485068604,5.831718829895388,0.9742915786941202,30.917846489897713,False
30.926553672316384,62.35197017146768,0.2869061956346632,0.07941300977745548,0.1864406779661017,0.022598870056497175,1.5127282522121754,2.4167192123955186,6.334929412526108,0.5322312468951844,10.474576271186441,False
30.926553672316384,91.55523169665197,0.362854731584731,0.456061918594864,0.1864406779661017,0.022598870056497175,0.6540936641279081,1.8956842794063344,5.831718829895388,0.5322312468951844,22.370267438764586,False
34.59238618656158,92.28986019036788,0.2869061956346632,0.1975343916742765,0.1864406779661017,0.022598870056497175,0.6540936641279081,1.427441485068604,6.951429884835421,0.5322312468951844,31.07789408399961,False
41.72774873584493,51.989218453758866,0.2869061956346632,0.05316459617070889,0.1864406779661017,0.022598870056497175,0.6540936641279081,2.9323412919218383,5.831718829895388,0.5322312468951844,22.743309469600824,False
64.1108240993775,39.045197740113,0.2869061956346632,0.19705219316575423,0.1864406779661017,0.022598870056497175,0.8670945793825694,8.963142823991959,5.831718829895388,0.6671353938435797,10.474576271186441,False
87.90397803517365,39.045197740113,0.2869061956346632,0.09774380711407643,0.1864406779661017,0.022598870056497175,0.6540936641279081,1.427441485068604,5.831718829895388,0.5322312468951844,33.530152438716804,False
30.926553672316384,53.71128821338092,0.2869061956346632,0.3970280545896879,0.1864406779661017,0.022598870056497175,0.6554529061680072,1.427441485068604,5.831718829895388,1.2946953046449583,19.99808650120322,False
115.18568899775929,61.580318242044,0.2869061956346632,0.5902779931285789,0.1864406779661017,0.022598870056497175,0.6540936641279081,1.427441485068604,7.684482782846113,1.2127128898864579,10.474576271186441,False
44.47429210345219,78.9064964869332,0.2869061956346632,0.3250080936886078,0.1864406779661017,0.022598870056497175,0.8236702887101781,2.3148236926199948,5.831718829895388,0.5322312468951844,13.205043052394897,False
30.926553672316384,98.07676115872566,0.2869061956346632,0.21915679139241453,0.1864406779661017,0.022598870056497175,0.6540936641279081,1.427441485068604,5.831718829895388,0.6006719490030896,19.483505176668587,False
30.926553672316384,123.10948990237141,0.2869061956346632,0.05316459617070889,0.1864406779661017,0.022598870056497175,0.6540936641279081,2.426914141590976,5.8579905174434135,0.6048804075636399,36.106502967693416,False
30.926553672316384,72.14865868696168,0.2869061956346632,0.3033029420601912,0.1864406779661017,0.022598870056497175,0.6578618836484736,6.115986766956089,7.943311481966102,0.992678773525178,10.474576271186441,False
30.926553672316384,86.30380606763663,0.2869061956346632,0.05316459617070889,0.1864406779661017,0.022598870056497175,0.6540936641279081,5.680292563570603,5.831718829895388,0.8132512711742577,10.474576271186441,False
50.532570807114766,183.14649949424103,0.4063682515721434,0.05493776049437984,0.1864406779661017,0.022598870056497175,0.6540936641279081,4.434817390503518,5.831718829895388,0.8853752334652495,24.37330131098544,False
45.62993330279205,39.045197740113,0.2869061956346632,0.18285263750732078,0.1864406779661017,0.022598870056497175,0.6540936641279081,2.052389837122183,5.831718829895388,0.5584846905923938,25.299330601723355,False
96.60490751552597,39.045197740113,0.2869061956346632,0.05316459617070889,0.1864406779661017,0.022598870056497175,0.6540936641279081,1.427441485068604,5.831718829895388,1.1823306055980312,26.70920670039012,False
86.22310917046089,39.045197740113,0.2869061956346632,0.05316459617070889,0.1864406779661017,0.022598870056497175,0.7660729106945028,1.427441485068604,5.831718829895388,0.7607614929797053,38.541687313312615,False
85.09786640087775,64.41633113438061,0.2869061956346632,0.14858180276276328,0.1864406779661017,0.022598870056497175,0.6540936641279081,5.127674102264656,7.028423531976955,0.5322312468951844,17.52850028427172,False
108.48632653585544,45.33435263256393,0.2869061956346632,0.05316459617070889,0.1864406779661017,0.022598870056497175,0.8924156033795476,1.778732140598145,9.146043453196324,0.5322312468951844,18.085523851145368,False
30.926553672316384,130.16459998142471,0.2869061956346632,0.07006093501823839,0.1864406779661017,0.022598870056497175,0.6540936641279081,1.427441485068604,6.4960890553442985,0.6366676288660817,10.474576271186441,False
65.8914055865823,60.048905578146105,0.2869061956346632,0.1415447020579627,0.1864406779661017,0.022598870056497175,0.6540936641279081,1.427441485068604,5.831718829895388,0.7913317678545935,36.923469088514345,False
30.926553672316384,39.045197740113,0.2869061956346632,0.05316459617070889,0.1864406779661017,0.022598870056497175,0.6540936641279081,5.979620122862985,6.044861425531186,0.5322312468951844,26.185746754634387,False
204.56211993442662,55.5071574123968,0.2869061956346632,0.05316459617070889,0.1864406779661017,0.022598870056497175,0.6540936641279081,1.427441485068604,5.831718829895388,0.8086332719586916,10.474576271186441,False
71.88297506255591,84.50001978013678,0.46737839008747095,0.05316459617070889,0.1864406779661017,0.022598870056497175,0.8488441487200094,1.427441485068604,5.831718829895388,0.5322312468951844,10.474576271186441,False
45.05363155165607,39.045197740113,0.2869061956346632,0.12931509141370826,0.1864406779661017,0.022598870056497175,0.6540936641279081,1.427441485068604,5.831718829895388,0.5322312468951844,34.489406406990184,False
59.32614989640717,99.78399481954517,0.2869061956346632,0.0831801839264677,0.1864406779661017,0.022598870056497175,0.7829937992469697,2.0112756659772417,5.831718829895388,0.5322312468951844,10.474576271186441,False
30.926553672316384,45.106040138943435,0.2869061956346632,0.05316459617070889,0.1864406779661017,0.022598870056497175,0.6540936641279081,1.427441485068604,5.831718829895388,0.5584448215136882,10.474576271186441,False
30.926553672316384,39.045197740113,0.2869061956346632,0.24808539454787096,0.1864406779661017,0.022598870056497175,0.6540936641279081,1.427441485068604,5.831718829895388,0.5322312468951844,59.11754867831593,False
167.09041981958254,59.3265976623012,0.2869061956346632,0.05316459617070889,0.1864406779661017,0.022598870056497175,0.6540936641279081,1.427441485068604,5.831718829895388,0.841038513213564,10.474576271186441,False
44.523646176745004,150.4250139550337,0.2869061956346632,0.05316459617070889,0.1864406779661017,0.022598870056497175,0.6540936641279081,1.9601421995921102,11.70148686288301,0.5322312468951844,30.542694390835756,False
30.926553672316384,64.66895353719696,0.2869061956346632,0.05316459617070889,0.1864406779661017,0.022598870056497175,1.1235455060323316,3.0173665718070533,5.831718829895388,0.5322312468951844,33.8213912733981,False
30.926553672316384,59.71230544042585,0.2869061956346632,0.05316459617070889,0.1864406779661017,0.022598870056497175,0.6540936641279081,1.427441485068604,5.831718829895388,0.5322312468951844,22.5809075431591,False
49.18577780814262,123.74338850436716,0.2869061956346632,0.25652260178004604,0.1864406779661017,0.022598870056497175,0.6540936641279081,3.7054116229734735,5.831718829895388,0.5322312468951844,10.474576271186441,False
30.926553672316384,81.55903207882756,0.30207584721420844,0.12727405228859182,0.1864406779661017,0.022598870056497175,0.6540936641279081,1.427441485068604,5.831718829895388,0.5322312468951844,24.5112280243731,False
39.64408160831254,85.38894024901066,0.32661172372025016,0.27724934053667677,0.1864406779661017,0.022598870056497175,0.6540936641279081,6.01804727851868,5.831718829895388,0.5322312468951844,24.302028772666333,False
30.926553672316384,39.045197740113,0.2869061956346632,0.20186913239358906,0.1864406779661017,0.022598870056497175,1.261251134219266,9.090698005014733,5.831718829895388,0.9322471817035489,10.474576271186441,False
98.849631322568,75.69806753508439,0.2869061956346632,0.2639032861219671,0.1864406779661017,0.022598870056497175,0.6540936641279081,5.831490639406734,5.831718829895388,0.5322312468951844,10.474576271186441,False
30.926553672316384,39.045197740113,0.2869061956346632,0.05316459617070889,0.1864406779661017,0.022598870056497175,0.6540936641279081,1.427441485068604,6.714405110378485,0.5322312468951844,29.98002417038697,False
43.31938134377193,39.045197740113,0.2869061956346632,0.3186523265780709,0.1864406779661017,0.022598870056497175,0.6540936641279081,1.427441485068604,5.831718829895388,0.6484482661404419,21.983165174596138,False
35.83027787071591,128.24206775912762,0.2869061956346632,0.3797729872305458,0.1864406779661017,0.022598870056497175,0.6540936641279081,2.5460859105271823,5.831718829895388,0.5322312468951844,10.474576271186441,False
55.81978311788239,54.67567249655537,0.2869061956346632,0.05316459617070889,0.1864406779661017,0.022598870056497175,0.6540936641279081,1.427441485068604,5.831718829895388,1.2289625514914164,28.834274120164196,False
169.79103438933595,200.34433199253118,0.2869061956346632,0.05316459617070889,0.1864406779661017,0.022598870056497175,0.6540936641279081,1.427441485068604,5.831718829895388,0.8499490789827009,23.4155901257669,False
62.48005695686031,54.069889880680876,0.2869061956346632,0.05417153226973892,0.1864406779661017,0.022598870056497175,0.6540936641279081,4.129864071882714,7.143836331880886,0.5322312468951844,14.715709479071993,False
30.926553672316384,56.730710517306804,0.2869061956346632,0.05316459617070889,0.1864406779661017,0.022598870056497175,0.6540936641279081,1.427441485068604,5.831718829895388,0.9301835610819974,39.535676226172036,False
30.926553672316384,94.8064688960462,0.2869061956346632,0.07059257271124197,0.1864406779661017,0.022598870056497175,0.8610217286952695,1.427441485068604,5.831718829895388,0.5322312468951844,34.64299902013663,False
134.5028469235916,39.045197740113,0.2869061956346632,0.05316459617070889,0.1864406779661017,0.022598870056497175,0.6540936641279081,1.427441485068604,5.831718829895388,0.5322312468951844,10.474576271186441,False
59.033902842011244,97.77891297560593,0.2869061956346632,0.14586234823696925,0.1864406779661017,0.022598870056497175,0.6540936641279081,2.5724948949574813,5.831718829895388,0.5322312468951844,34.32468064670132,False
39.25765874587913,77.33603799428974,0.2869061956346632,0.05316459617070889,0.1864406779661017,0.022598870056497175,0.6540936641279081,1.427441485068604,5.831718829895388,0.5322312468951844,10.474576271186441,False
30.926553672316384,39.045197740113,0.2869061956346632,0.14742343327411198,0.1864406779661017,0.022598870056497175,0.6540936641279081,1.956108499689837,5.831718829895388,0.858638399178332,10.474576271186441,False
88.67859279370433,133.03866855971071,0.48627267295179055,0.05316459617070889,0.1864406779661017,0.022598870056497175,0.6540936641279081,1.427441485068604,5.831718829895388,0.5322312468951844,10.474576271186441,False
108.5282911985577,39.045197740113,0.2869061956346632,0.05316459617070889,0.1864406779661017,0.022598870056497175,0.6540936641279081,1.427441485068604,7.100058423676716,0.5322312468951844,31.11014097244425,False
30.926553672316384,42.8580961705449,0.2869061956346632,0.21733812143880446,0.1864406779661017,0.022598870056497175,0.6540936641279081,1.427441485068604,5.831718829895388,0.7871487507699455,30.6671212861809,False
39.841149034239066,39.045197740113,0.2869061956346632,0.05316459617070889,0.1864406779661017,0.022598870056497175,0.6540936641279081,1.427441485068604,5.831718829895388,0.5834050095749668,13.073221587827724,False
30.926553672316384,59.955553611493194,0.2869061956346632,0.05316459617070889,0.1864406779661017,0.022598870056497175,0.6630422080416449,4.363730728343237,9.558183919764637,0.5322312468951844,31.04727841766927,False
56.20437452708302,39.045197740113,0.2869061956346632,0.05316459617070889,0.1864406779661017,0.022598870056497175,0.6540936641279081,3.1237168107466697,5.831718829895388,0.6920871765226315,23.378850274117575,False
97.79714591955843,88.69673990847045,0.2869061956346632,0.05316459617070889,0.1864406779661017,0.022598870056497175,1.3414583865546241,3.3910391686485455,9.762590716546415,0.5322312468951844,28.710202385693364,False
127.60162521979156,102.36441904941117,0.2869061956346632,0.07841559203239647,0.1864406779661017,0.022598870056497175,0.6540936641279081,5.533556177243705,5.831718829895388,0.5322312468951844,10.474576271186441,False
80.33363430038503,150.46106682405042,0.2869061956346632,0.3132504023777807,0.1864406779661017,0.022598870056497175,0.6540936641279081,1.427441485068604,7.771538483443397,0.8203878528385593,12.5633618931784,False
30.926553672316384,70.03211286641789,0.2869061956346632,0.05316459617070889,0.1864406779661017,0.022598870056497175,0.6540936641279081,1.427441485068604,5.831718829895388,0.5322312468951844,11.278348496918541,False
147.94351180961277,39.045197740113,0.31249881771319776,0.1513007120686032,0.1864406779661017,0.022598870056497175,0.6540936641279081,1.427441485068604,5.831718829895388,0.5322312468951844,10.474576271186441,False
123.13892894317969,130.96509535316738,0.2869061956346632,0.32348783517067503,0.1864406779661017,0.022598870056497175,0.9403396533646978,1.427441485068604,5.831718829895388,0.7822465650568887,10.474576271186441,False
30.926553672316384,154.73278896628568,0.2869061956346632,0.07635763997012535,0.1864406779661017,0.022598870056497175,0.7418989466424996,1.427441485068604,7.66196695613098,0.5322312468951844,10.474576271186441,False
64.30864855434525,39.045197740113,0.2869061956346632,0.2800529715995801,0.1864406779661017,0.022598870056497175,0.6540936641279081,5.0612502986140475,5.831718829895388,0.5322312468951844,10.474576271186441,False
71.97177028271156,39.045197740113,0.2869061956346632,0.05316459617070889,0.1864406779661017,0.022598870056497175,0.6540936641279081,1.427441485068604,6.414686079305402,0.5870213253107794,10.474576271186441,False
42.95259140798296,96.62685160585332,0.2869061956346632,0.05316459617070889,0.1864406779661017,0.022598870056497175,0.6540936641279081,4.108387903142326,7.078191462685721,1.0071616414703184,10.474576271186441,False
30.926553672316384,61.486265331604045,0.2869061956346632,0.07336218529350522,0.1864406779661017,0.022598870056497175,0.6540936641279081,7.283910862405405,5.831718829895388,0.5322312468951844,16.224910087943556,False
56.15848639571979,64.67829628080901,0.2869061956346632,0.25058505483066545,0.1864406779661017,0.022598870056497175,0.6540936641279081,1.427441485068604,6.118872317348831,0.747852818563159,29.59889354226579,False
30.926553672316384,39.045197740113,0.2869061956346632,0.2616549060523646,0.1864406779661017,0.022598870056497175,0.9596666498746957,3.4245896384123706,5.831718829895388,0.5322312468951844,10.474576271186441,False
30.926553672316384,39.045197740113,0.2869061956346632,0.07010009789109158,0.1864406779661017,0.022598870056497175,1.0216441227793116,3.3072107339635997,5.831718829895388,0.8701066985427124,10.474576271186441,False
70.91136841587256,74.8606916540513,0.2869061956346632,0.05316459617070889,0.1864406779661017,0.022598870056497175,0.6540936641279081,1.9167243331563182,5.831718829895388,0.7287209937261876,23.54097979841114,False
79.74544853278634,44.32353612592182,0.2869061956346632,0.1761075285187086,0.1864406779661017,0.022598870056497175,0.6540936641279081,1.427441485068604,5.831718829895388,0.5322312468951844,26.090311608266514,False
47.45565315793736,113.63313067267208,0.2869061956346632,0.10818644337355672,0.1864406779661017,0.022598870056497175,0.6540936641279081,4.784049151961977,5.831718829895388,0.5322312468951844,17.093548615940477,False
102.9642946853495,171.89598225523585,0.2869061956346632,0.05316459617070889,0.1864406779661017,0.022598870056497175,0.6540936641279081,5.672761709087788,5.831718829895388,0.5322312468951844,22.94996876729379,False
54.25686420532827,43.77121959695943,0.2869061956346632,0.27788494034561023,0.1864406779661017,0.022598870056497175,0.6540936641279081,4.941641794491524,5.831718829895388,0.755796720279746,21.693551477056126,False
33.47644782749171,101.54956960506016,0.2869061956346632,0.05316459617070889,0.1864406779661017,0.022598870056497175,0.6540936641279081,6.220113127181257,14.158407933136706,0.5322312468951844,40.10030240692117,False
49.78913580491725,83.97951140936226,0.2869061956346632,0.05316459617070889,0.1864406779661017,0.022598870056497175,0.6540936641279081,5.65597084134656,5.831718829895388,0.5322312468951844,27.291908792761618,False
94.05009597259247,39.045197740113,0.464898053095833,0.25400471635341937,0.1864406779661017,0.022598870056497175,0.6540936641279081,2.4994838330266402,5.831718829895388,0.5322312468951844,30.142235753357895,False
30.926553672316384,68.4968213304177,0.2869061956346632,0.2513381959318396,0.1864406779661017,0.022598870056497175,0.6540936641279081,2.1046185200485406,5.831718829895388,0.7771839453840004,22.803369252871082,False
30.926553672316384,39.045197740113,0.2869061956346632,0.05316459617070889,0.1864406779661017,0.022598870056497175,0.8910378387430493,5.065137642112068,5.831718829895388,0.7495738466404149,10.474576271186441,False
30.926553672316384,50.853314713874255,0.2869061956346632,0.11459528856968423,0.1864406779661017,0.022598870056497175,0.6540936641279081,1.427441485068604,10.618202204404362,0.8799554332106854,38.718872661060985,False
44.54759945154042,124.55548162789458,0.2869061956346632,0.10881420788315821,0.1864406779661017,0.022598870056497175,0.6540936641279081,2.0741179293801677,5.831718829895388,0.7215327576312507,10.474576271186441,False
106.30725862106203,39.045197740113,0.2869061956346632,0.05316459617070889,0.1864406779661017,0.022598870056497175,0.6540936641279081,2.2061519890738563,9.722127688928929,0.6944413538512658,10.474576271186441,False
113.08091116738292,39.045197740113,0.2869061956346632,0.1935490818120715,0.1864406779661017,0.022598870056497175,0.6540936641279081,2.799435258940723,5.831718829895388,0.5322312468951844,10.474576271186441,False
122.60050614716309,39.045197740113,0.6258251972009461,0.3617812407786145,0.1864406779661017,0.022598870056497175,0.6562401264230026,2.5231726075334473,5.833522880254137,0.8392412705054242,10.474576271186441,False
118.74044892568415,128.58677766930833,0.2869061956346632,0.2428644615538458,0.1864406779661017,0.022598870056497175,0.8347804410888255,5.9289275949620315,7.234058828481034,0.5322312468951844,10.474576271186441,False
30.926553672316384,39.045197740113,0.3929120359060019,0.15009279880144652,0.1864406779661017,0.022598870056497175,0.6540936641279081,2.6760957652823265,10.300601462242014,0.587582737800364,11.378434886476981,False
30.926553672316384,104.69487457322764,0.2869061956346632,0.13957295908910125,0.1864406779661017,0.022598870056497175,0.6540936641279081,3.315823730550118,5.831718829895388,0.5322312468951844,19.55038848413995,False
83.23306614561473,39.045197740113,0.3261408293739212,0.11608532546234696,0.1864406779661017,0.022598870056497175,0.6540936641279081,4.116465710655742,5.831718829895388,0.8879927078735025,10.474576271186441,False
56.59691884497733,89.59070687323172,0.2869061956346632,0.05316459617070889,0.1864406779661017,0.022598870056497175,0.6565391803097377,4.8359382949407355,6.5691221667601365,0.5322312468951844,19.74435209683091,False
30.926553672316384,46.04602540065263,0.2869061956346632,0.05316459617070889,0.1864406779661017,0.022598870056497175,0.9654732023822812,1.427441485068604,5.831718829895388,0.7645357363193755,22.29483404460995,False
30.926553672316384,39.045197740113,0.2869061956346632,0.10967839841100332,0.1864406779661017,0.022598870056497175,0.6540936641279081,1.427441485068604,6.605102296313602,0.5342294556561822,10.474576271186441,False
54.50309759395812,39.045197740113,0.2869061956346632,0.21675876270545016,0.1864406779661017,0.022598870056497175,0.6540936641279081,1.427441485068604,5.831718829895388,0.5322312468951844,35.73461679573201,False
30.926553672316384,39.045197740113,0.2869061956346632,0.4220636208709237,0.1864406779661017,0.022598870056497175,0.6540936641279081,1.7289660856128646,5.831718829895388,0.5322312468951844,10.474576271186441,False
30.926553672316384,39.045197740113,0.2869061956346632,0.05316459617070889,0.1864406779661017,0.022598870056497175,0.8816664147325584,1.427441485068604,5.831718829895388,0.5322312468951844,13.885268081321302,False
112.77870653973073,107.2591520960054,0.2869061956346632,0.13847009603414628,0.1864406779661017,0.022598870056497175,0.6540936641279081,1.6418962203741962,6.905286858535787,0.6261954659990394,15.31477826844495,False
61.93040989901057,71.50411447564957,0.2869061956346632,0.2065373076658958,0.1864406779661017,0.022598870056497175,0.6540936641279081,5.412235964048316,6.422337112945239,0.5322312468951844,22.999190999764345,False
30.926553672316384,66.45627887949723,0.2869061956346632,0.1078468751466802,0.1864406779661017,0.022598870056497175,0.6540936641279081,1.427441485068604,5.831718829895388,0.5997992679680922,20.44879378362505,False
110.44244111541717,128.58043479234814,0.2869061956346632,0.07136330781130984,0.1864406779661017,0.022598870056497175,0.6540936641279081,5.674260121335336,6.4445462000186975,0.5322312468951844,10.474576271186441,False
139.14561081770083,75.13660188268196,0.34111006819170286,0.12803233788782759,0.1864406779661017,0.022598870056497175,0.6540936641279081,1.427441485068604,12.745835768623506,0.5322312468951844,28.661430284460444,False
85.55204734600991,200.87953332288467,0.2869061956346632,0.5039662593932495,0.1864406779661017,0.022598870056497175,0.6540936641279081,1.427441485068604,5.831718829895388,0.7089955558879696,50.198373478071005,False
30.926553672316384,48.97515846808813,0.2869061956346632,0.12918741348381085,0.1864406779661017,0.022598870056497175,0.6540936641279081,1.427441485068604,6.789642346206622,0.5792302573730119,10.474576271186441,False
181.55764521637045,39.045197740113,0.2869061956346632,0.29779886453778764,0.1864406779661017,0.022598870056497175,0.6540936641279081,2.828998519946004,5.831718829895388,0.9009982652947739,10.474576271186441,False
30.926553672316384,112.69063166768817,0.3348214375172011,0.1078008123142073,0.1864406779661017,0.022598870056497175,1.3045975813403696,2.667598995979447,5.831718829895388,0.5322312468951844,19.796943520115235,False
41.87976291278397,39.045197740113,0.3288728898193468,0.05316459617070889,0.1864406779661017,0.022598870056497175,0.926582042619843,2.9248140893943395,5.831718829895388,0.5322312468951844,17.798650414018823,False
30.926553672316384,82.50051430370667,0.2869061956346632,0.18139636987677146,0.1864406779661017,0.022598870056497175,0.6540936641279081,1.427441485068604,5.831718829895388,0.5322312468951844,18.799381321479622,False
30.926553672316384,47.48063777829065,0.2869061956346632,0.1378657435779072,0.1864406779661017,0.022598870056497175,0.7654198176213028,2.266503247079984,5.831718829895388,0.5322312468951844,12.14012356133379,False
89.057644179815,125.84185254477283,0.2869061956346632,0.05316459617070889,0.1864406779661017,0.022598870056497175,0.8357853803619442,1.427441485068604,5.831718829895388,0.5322312468951844,10.474576271186441,False
72.89917104094691,40.85281702030669,0.2869061956346632,0.06813861867708162,0.1864406779661017,0.022598870056497175,0.6540936641279081,2.9228516867522694,5.831718829895388,0.6814895495093879,10.474576271186441,False
